tiempo,VELOCIDAD,ACELERACION
1,0,0
2,0,0
3,0,0
4,0,0
5,0,0
6,0,0
7,0,0
8,0,0
9,0,-0,298333333333333
10,0,2,06416666666667
11,3,58,2,20833333333333
12,3,87,0,123333333333333
13,4,46,0,858333333333333
14,5,56,1,23916666666667
15,6,8,1,17166666666667
16,7,72,0,419166666666667
17,7,68,-0,0999999999999994
18,7,57,-0,365833333333333
19,6,8,-1,31166666666667
20,5,07,-1,8275
21,3,42,-1,31166666666667
22,2,46,-0,838333333333333
23,1,66,-0,7675
24,1,05,-0,211666666666667
25,1,35,0,76
26,2,52,1,6775
27,4,3,1,0525
28,4,52,0,0166666666666666
29,4,72,0,628333333333334
30,5,68,0,680833333333333
31,6,04,0,559166666666667
32,6,91,0,920833333333333
33,7,85,1,2
34,9,11,0,705
35,9,24,0,201666666666667
36,9,57,-0,0150000000000006
37,9,11,-0,715833333333333
38,8,25,-0,908333333333333
39,7,27,-1,25083333333333
40,5,75,-1,71333333333333
41,4,12,-1,06333333333333
42,3,61,-0,524166666666667
43,2,91,-0,651666666666667
44,2,36,-0,4375
45,1,94,-0,685833333333333
46,1,1,-0,5675
47,1,06,0,5975
48,2,13,1,09916666666667
49,3,01,0,749166666666667
50,3,51,-0,0383333333333333
51,3,11,-0,148333333333333
52,3,39,0,4275
53,3,83,0,413333333333333
54,4,14,0,178333333333334
55,4,15,-0,128333333333333
56,3,81,-0,729166666666667
57,2,73,-1,28083333333333
58,1,53,-0,779166666666667
59,1,28,0,00833333333333327
60,1,56,0,815
61,2,87,1,64166666666667
62,4,47,1,0325
63,4,86,0,1475
64,5,09,0,57
65,6,06,1,1375
66,7,23,1,16583333333333
67,8,33,1,07333333333333
68,9,26,0,5125
69,9,42,0,1875
70,9,8,0,5425
71,10,4,0,424999999999999
72,10,59,0,0866666666666663
73,10,64,0,0549999999999993
74,10,68,-0,0941666666666666
75,10,46,-0,218333333333334
76,10,28,-0,195833333333333
77,10,06,-0,174166666666666
78,9,83,-0,485000000000001
79,8,95,-1,22333333333333
80,7,22,-2,6975
81,3,86,-3,17083333333333
82,1,48,-1,3925
83,1,08,0,245
84,1,69,0,824166666666667
85,2,6,1,135
86,3,75,0,7175
87,3,94,-0,1075
88,3,8,0,174166666666667
89,4,29,0,328333333333333
90,4,46,0,4425
91,5,28,1,05333333333333
92,6,41,1,08166666666667
93,7,25,0,379166666666667
94,7,24,0,0316666666666666
95,7,37,-0,0391666666666666
96,6,99,-0,780833333333334
97,5,72,-1,9325
98,3,41,-2,04916666666667
99,1,92,-1,12166666666667
100,1,18,-0,280833333333333
101,1,34,0,536666666666667
102,2,14,0,970833333333333
103,3,16,1,075
104,4,09,0,413333333333333
105,4,04,-0,0900000000000001
106,4,22,0,655
107,5,28,1,035
108,6,15,0,934166666666666
109,7,06,0,535833333333333
110,7,25,0,215000000000001
111,7,65,0,56
112,8,29,0,544166666666667
113,8,66,0,247500000000001
114,8,8,0,0533333333333328
115,8,76,-0,0991666666666674
116,8,45,-0,768333333333333
117,7,05,-2,14416666666667
118,4,34,-3,0125
119,1,61,-1,70166666666667
120,1,08,0,00333333333333311
121,1,39,0,78
122,2,54,1,42416666666667
123,3,93,0,9325
124,4,31,0,0500000000000002
125,4,36,0,489166666666667
126,5,38,1,20333333333333
127,6,62,1,31416666666667
128,7,95,1,35583333333333
129,9,15,0,674166666666666
130,9,35,0,214166666666667
131,9,73,0,375833333333333
132,10,02,0,135833333333333
133,10,-0,101666666666666
134,9,88,-0,0941666666666672
135,9,83,-0,033333333333335
136,9,79,-0,0699999999999998
137,9,68,-0,0924999999999998
138,9,52,-0,391666666666667
139,8,78,-1,14083333333333
140,7,29,-1,74833333333333
141,5,53,-1,41833333333333
142,4,5,-1,00416666666667
143,3,48,-0,7475
144,2,94,-0,7425
145,2,02,-0,634166666666667
146,1,73,-0,285
147,1,41,-0,135833333333333
148,1,48,0,21
149,1,65,-0,198333333333333
150,1,13,-0,405833333333333
151,0,99,0,0166666666666668
152,1,07,0,00333333333333334
153,0,97,-0,0108333333333333
154,0,93,-0,5575
155,0,0
156,0,0
157,0,1,03416666666667
158,1,88,1,41083333333333
159,2,63,1,0675
160,4,11,1,29833333333333
161,5,03,0,650833333333333
162,5,5,0,401666666666667
163,5,94,0,52
164,6,57,0,738333333333333
165,7,35,0,744166666666666
166,7,92,0,2075
167,7,81,-0,174166666666666
168,7,76,0,21
169,8,16,0,263333333333333
170,8,2,0,0249999999999999
171,8,17,-0,337499999999999
172,7,54,-0,734166666666667
173,6,93,-0,141666666666666
174,7,09,-0,37
175,6,27,-0,263333333333333
176,6,7,0,465833333333333
177,6,97,0,186666666666666
178,7,1,0,113333333333334
179,7,23,0,165833333333334
180,7,42,0,175833333333333
181,7,54,0,0241666666666669
182,7,47,-0,0825000000000003
183,7,34,-0,340833333333334
184,6,81,-0,52
185,6,35,-0,533333333333333
186,5,79,-0,391666666666667
187,5,58,-0,146666666666667
188,5,35,-0,425
189,4,59,-1,395
190,2,97,-0,56
191,3,28,-0,646666666666667
192,1,59,-1,1825
193,1,31,0,0691666666666666
194,1,4,-0,2425
195,0,93,0,110833333333333
196,1,46,-0,196666666666667
197,0,46,-0,929166666666667
198,0,0,0175
199,0,4,0,361666666666667
200,0,77,1,045
201,2,28,0,92
202,2,5,0,391666666666667
203,3,2,0,4775
204,3,43,0,411666666666667
205,3,99,0,248333333333333
206,3,88,-0,206666666666667
207,3,82,0,378333333333333
208,4,55,0,569166666666667
209,4,81,0,169166666666667
210,4,97,0,167500000000001
211,5,15,0,15
212,5,26,0,104166666666667
213,5,33,-0,0574999999999997
214,5,16,-0,18
215,5,04,0,0533333333333329
216,5,1,-0,360833333333334
217,4,21,-1,23583333333333
218,2,85,-1,2675
219,1,87,-0,604166666666667
220,1,59,-0,188333333333333
221,1,38,-0,21
222,1,19,-0,151666666666667
223,1,19,0,4275
224,1,89,0,33
225,1,85,0,200833333333333
226,2,51,1,04916666666667
227,3,74,1,01083333333333
228,4,42,0,615833333333333
229,5,0,358333333333334
230,5,2,0,366666666666666
231,5,68,0,1375
232,5,46,-0,211666666666667
233,5,43,0,19
234,5,74,0,178333333333333
235,5,64,-0,400833333333334
236,5,-0,761666666666666
237,4,32,-0,335
238,4,32,-0,00083333333333376
239,4,22,-0,0283333333333336
240,4,21,-0,205
241,3,78,-0,4975
242,3,26,-0,600833333333333
243,2,59,-0,728333333333333
244,1,9,-0,461666666666667
245,1,64,-0,36
246,1,2,-0,215833333333333
247,1,31,0,385
248,1,85,0,4925
249,2,22,0,343333333333333
250,2,57,0,3875
251,2,95,0,205833333333334
252,3,04,0,308333333333333
253,3,51,0,135
254,3,35,0,105
255,3,81,0,4675
256,4,18,0,343333333333333
257,4,54,0,455833333333334
258,5,07,0,48
259,5,46,0,345
260,5,78,0,305
261,6,08,0,311666666666667
262,6,37,0,2025
263,6,44,-0,0858333333333333
264,6,23,-0,305833333333333
265,5,99,0,143333333333333
266,6,44,0,2625
267,6,4,-0,113333333333333
268,6,36,0,21
269,6,71,0,0358333333333335
270,6,4,-0,273333333333333
271,6,29,-0,0625000000000001
272,6,28,0,119166666666667
273,6,5,0,256666666666667
274,6,65,-0,205
275,6,17,-0,319166666666667
276,6,1,-0,135
277,5,93,0,1325
278,6,35,0,4425
279,6,58,-0,0949999999999995
280,5,99,-1,31166666666667
281,4,19,-1,655
282,2,97,-0,8625
283,2,28,-0,99
284,1,06,-0,8075
285,0,79,-0,0966666666666667
286,0,74,0,0933333333333333
287,0,88,-0,0658333333333333
288,0,66,-0,025
289,0,94,0,470833333333333
290,1,52,0,675
291,2,11,0,124166666666667
292,1,92,0,1725
293,2,65,1,0625
294,3,77,0,800833333333333
295,4,16,0,2125
296,4,39,0,480833333333333
297,5,06,0,413333333333334
298,5,2,0,2875
299,5,68,0,41
300,5,9,0,0150000000000003
301,5,74,-0,196666666666667
302,5,5,-0,51
303,4,84,-0,366666666666667
304,4,82,0,0125000000000005
305,4,7,-0,3175
306,4,23,-0,315
307,3,93,-0,959166666666667
308,2,44,-1,13833333333333
309,1,89,-0,369166666666667
310,1,57,-0,184166666666667
311,1,4,-0,4325
312,0,73,-0,670833333333333
313,0,36,0,214166666666667
314,1,3,1,77083333333333
315,3,39,1,31333333333333
316,3,72,0,114166666666666
317,3,96,0,3875
318,4,49,0,483333333333334
319,4,9,0,505833333333333
320,5,44,0,283333333333333
321,5,49,0,188333333333333
322,5,81,0,0766666666666664
323,5,6,-0,238333333333333
324,5,4,-0,235
325,5,07,-0,441666666666667
326,4,39,-1,18583333333333
327,2,82,-1,55416666666667
328,1,63,-0,541666666666667
329,1,64,-0,0283333333333334
330,1,45,0,0708333333333334
331,1,72,-0,065
332,1,42,0,245
333,2,18,0,460833333333333
334,2,19,0,0600000000000001
335,2,35,-0,0633333333333333
336,2,06,-0,226666666666667
337,1,9,-0,411666666666667
338,1,31,-0,405833333333333
339,1,29,0,445833333333333
340,2,05,0,669166666666667
341,2,47,0,295833333333333
342,2,72,0,329166666666667
343,3,1,0,186666666666667
344,3,14,0,215
345,3,59,0,523333333333333
346,4,06,0,2775
347,4,18,0,224166666666667
348,4,53,0,235833333333334
349,4,66,0,2675
350,5,07,0,379166666666666
351,5,29,-0,0958333333333335
352,5,02,-0,0366666666666665
353,5,41,1,4075
354,6,47,-3,18833333333333
355,0,-3,8625
356,0,0,539166666666667
357,0,0
358,0,-0,375833333333333
359,0,2,66916666666667
360,4,51,2,41
361,4,05,-0,946666666666667
362,3,48,-0,460833333333333
363,3,12,-0,446666666666667
364,2,6,-0,419166666666666
365,2,37,-0,00666666666666689
366,2,51,0,104166666666667
367,2,48,-0,1175
368,2,23,-0,530833333333333
369,1,54,-0,493333333333333
370,1,36,0,00166666666666659
371,1,44,-0,0491666666666667
372,1,41,0,5375
373,2,53,1,28
374,3,63,0,658333333333333
375,3,84,0,0866666666666668
376,3,99,0,24
377,4,37,0,545833333333333
378,4,99,0,495833333333333
379,5,29,0,18
380,5,4,0,100833333333333
381,5,49,-0,0433333333333335
382,5,38,0,1125
383,5,65,-0,00333333333333341
384,5,33,-0,324166666666667
385,5,13,-0,0916666666666666
386,5,11,-0,0549999999999996
387,4,99,-0,146666666666667
388,4,87,-0,00666666666666704
389,4,97,0,133333333333333
390,5,03,-0,0966666666666667
391,4,67,-0,71
392,3,63,-1,305
393,2,29,-1,03916666666667
394,1,65,-0,453333333333333
395,1,3,-0,245833333333333
396,1,15,0,000833333333333279
397,1,24,-0,045
398,1,16,0,3125
399,1,92,0,916666666666667
400,2,84,0,975833333333333
401,3,68,0,308333333333333
402,3,53,-0,0858333333333334
403,3,74,0,4825
404,4,35,0,379166666666667
405,4,45,0,118333333333334
406,4,66,0,193333333333333
407,4,8,0,0649999999999999
408,4,83,0,125
409,5,03,0,0841666666666667
410,5,0,0425
411,5,15,0,151666666666667
412,5,28,0,173333333333333
413,5,45,0,0150000000000001
414,5,32,-0,116666666666667
415,5,29,0,0816666666666668
416,5,4,-0,0983333333333333
417,5,11,-0,194166666666667
418,5,06,-0,0691666666666664
419,4,9,-0,285833333333333
420,4,55,-0,266666666666667
421,4,46,0,145833333333333
422,4,74,0,134166666666667
423,4,67,-0,0808333333333333
424,4,62,-0,104166666666667
425,4,47,-0,0916666666666669
426,4,39,-0,220833333333333
427,3,93,-0,754166666666666
428,2,95,-1,055
429,2,-0,650833333333333
430,1,61,-0,476666666666667
431,1,02,-0,429166666666667
432,0,83,0,015
433,0,91,-0,235833333333333
434,0,55,0,349166666666667
435,1,61,0,930833333333334
436,2,24,0,8825
437,3,26,0,459166666666667
438,3,16,0,0141666666666667
439,3,46,0,305
440,3,67,0,103333333333333
441,3,68,0,00166666666666685
442,3,68,-0,105
443,3,52,-0,0283333333333336
444,3,65,0,1875
445,3,78,-0,155
446,3,51,0,2875
447,4,26,0,363333333333333
448,4,04,-0,4375
449,3,66,-0,0366666666666666
450,3,96,0,285
451,4,06,-0,169166666666667
452,3,82,0,273333333333334
453,4,57,0,520833333333333
454,4,76,0,360833333333333
455,5,33,0,463333333333334
456,5,57,0,0383333333333336
457,5,49,-0,0141666666666667
458,5,58,0,0533333333333334
459,5,58,0,0225000000000001
460,5,65,0,1225
461,5,78,0,0308333333333333
462,5,71,-0,0441666666666666
463,5,69,-0,160833333333333
464,5,46,0,0299999999999999
465,5,71,0,0949999999999997
466,5,51,-0,395833333333333
467,4,95,-0,769166666666666
468,4,13,-0,525833333333333
469,3,9,-0,3125
470,3,42,-0,463333333333333
471,3,02,-0,334166666666667
472,2,65,-0,695
473,1,75,-0,481666666666667
474,1,6,-0,721666666666667
475,0,4,-0,678333333333333
476,0,51,0,5525
477,1,17,0,298333333333333
478,1,13,0,279166666666667
479,1,78,0,511666666666667
480,2,04,0,260833333333333
481,2,31,0,0858333333333335
482,2,24,0,00833333333333323
483,2,35,0,0166666666666664
484,2,26,-0,0883333333333334
485,2,27,0,2275
486,2,66,0,328333333333333
487,2,82,0,0275000000000002
488,2,72,-0,246666666666667
489,2,42,-0,2
490,2,42,0,241666666666667
491,2,82,0,3325
492,3,02,0,190833333333333
493,3,23,0,1575
494,3,41,0,446666666666667
495,4,05,0,520833333333333
496,4,22,-0,3025
497,3,46,-1,0825
498,2,32,-0,8475
499,1,84,-0,4075
500,1,43,-0,319166666666667
501,1,23,-0,0541666666666667
502,1,27,0,02
503,1,21,-0,181666666666667
504,1,03,0,0775
505,1,49,0,920833333333333
506,2,58,0,560833333333333
507,2,56,0,0574999999999999
508,2,86,0,214166666666667
509,3,04,0,545
510,3,85,0,575833333333333
511,3,94,-0,415833333333333
512,3,15,-0,795
513,2,43,-1,01833333333333
514,1,31,-0,5025
515,1,44,0,169166666666667
516,1,26,-0,850833333333333
517,0,-0,72
518,0,0
519,0,0
520,0,0
521,0,0
522,0,0
523,0,0
524,0,0
525,0,0
526,0,0
527,0,-0,1310397
528,0,0,7909136
529,1,5724764,1,738731625
530,3,088848,1,1581679
531,3,8460045,0,564864983333333
532,4,29021,0,260878233333333
533,4,4049926,0,0254784583333337
534,4,430214,0,128938041666667
535,4,660295,0,207776433333333
536,4,7853727,0,0364595000000007
537,4,752945,-0,0195168499999997
538,4,7339,-0,144594208333334
539,4,4827156,-0,210563941666667
540,4,358668,-0,11902945
541,4,2778563,0,0743772583333336
542,4,523379,0,397923325000001
543,4,9078765,0,0631391583333333
544,4,6237497,-0,370943166666667
545,4,323152,-0,157290591666667
546,4,296901,-0,0251784416666669
547,4,180574,-0,324661108333333
548,3,785267,-0,0348296583333331
549,4,1260133,0,317540983333333
550,4,2783713,0,0848006166666665
551,4,3149166,0,0107233666666667
552,4,278886,-0,155746525
553,4,0014505,-0,369570666666667
554,3,6396008,-0,202586075
555,3,635483,0,105603875
556,3,7821789,0,14969835
557,3,8748288,0,00827848333333336
558,3,757987,-0,256288783333333
559,3,342606,-0,632679483333333
560,2,5998619,-0,598064158333333
561,2,2019818,-0,381966783333333
562,1,8097633,-0,317026091666667
563,1,6054186,-0,0285241833333333
564,1,6316694,-0,173118258333333
565,1,1195208,-0,953994716666667
566,0,-0,61037475
567,0,0,0932934
568,0,0
569,0,0
570,0,0
571,0,0
572,0,0
573,0,0
574,0,0
575,0,0
576,0,0
577,0,0
578,0,0
579,0,0
580,0,0
581,0,0
582,0,0
583,0,0
584,0,0
585,0,0
586,0,0
587,0,-0,142234908333333
588,0,0,985607283333333
589,1,7068189,1,00117755
590,1,8272638,0,331223791666667
591,2,6039798,0,762475258333333
592,3,2026017,0,469340883333333
593,3,559819,0,2585193
594,3,8418868,0,557272591666667
595,4,616029,0,6317357
596,4,9650106,0,139532483333334
597,4,963981,-0,0111952333333336
598,4,951113,-0,192634983333333
599,4,639191,-0,160850566666667
600,4,6783104,0,0602226166666664
601,4,711767,0,0877170499999999
602,4,8090496,-0,048040575
603,4,6325,-0,103459141666666
604,4,6206613,-0,0656701666666666
605,4,4461703,-0,278464591666667
606,4,106454,-0,266883275
607,3,8604167,-0,429192741666667
608,3,1372318,-1,12025000833333
609,1,8427056,-0,945458816666667
610,1,4077653,-0,24766725
611,1,3701905,0,480879183333333
612,2,329118,1,10583788333333
613,3,442977,1,18115880833333
614,4,7200027,1,52649443333333
615,6,3233624,1,25317705833333
616,7,054268,0,322173258333333
617,7,0789747,-0,111994883333334
618,6,898822,-0,38153805
619,6,423733,-0,219357566666666
620,6,390791,-0,287515
621,5,6470175,-1,18682093333333
622,4,135278,-1,62304790833333
623,2,6214802,-1,27968500833333
624,1,6630675,-0,67321375
625,1,2255536,-0,299225241666667
626,1,0464302,0,0705169416666667
627,1,2790847,0,144851425
628,1,245113,-0,176120775
629,1,0767989,0,166727175
630,1,5415931,0,341217891666667
631,1,6501994,0,0585067833333334
632,1,7377023,0,172260391666667
633,1,9435911,0,0412635416666666
634,1,821602,-0,0844572833333333
635,1,8262345,0,00197304166666679
636,1,8123369,0,032641875
637,1,8457938,-0,130010216666667
638,1,5863739,-0,127007625
639,1,5786531,-0,207004125
640,1,1993028,-0,199240383333333
641,1,2332745,0,0172431666666668
642,1,2142297,0,170458825
643,1,4911503,0,104488608333333
644,1,2168033,-0,892914391666667
645,0,-0,686939675
646,0,0,101400275
647,0,0
648,0,0
649,0,0
650,0,-0,274775883333333
651,0,1,84390660833333
652,3,2973106,2,43450741666667
653,4,2516055,0,559031016666667
654,4,798755,0,525359799999999
655,5,303183,0,29836765
656,5,405613,0,0603511583333335
657,5,5260577,0,225362258333334
658,5,8575387,0,389044341666666
659,6,2142415,0,183498708333333
660,6,2425513,0,080596891666667
661,6,404174,0,095738316666667
662,6,409836,0,00223047499999966
663,6,4036593,-0,143779041666667
664,6,211668,0,105475216666667
665,6,5441785,0,0472254833333334
666,6,268287,-0,193921725
667,6,2899055,0,169086400000001
668,6,5045447,0,0367597250000001
669,6,4052033,0,0645548749999998
670,6,7495527,0,61796705
671,7,475311,0,499623566666667
672,7,6498017,0,0221760583333338
673,7,6117125,-0,103201966666667
674,7,574652,0,286614308333333
675,8,112537,0,389602291666667
676,8,217026,-0,052587466666667
677,8,075477,-0,123619466666667
678,7,9092216,-0,427219358333333
679,7,1335354,-1,0991464
680,5,8081255,-1,38837748333333
681,4,456465,-1,321034625
682,3,1531882,-1,41184016666667
683,1,7464525,-1,01734838333333
684,1,0701075,-0,901535983333333
685,0,-0,567867291666667
686,0,-0,126407208333333
687,0,1,48347241666667
688,2,586994,1,71248080833333
689,2,894283,-0,174533883333333
690,2,6044943,-0,347995183333334
691,2,234409,-0,606642916666666
692,1,4839442,-0,586482991666667
693,1,2095972,0,00750630833333321
694,1,4437958,0,34786645
695,1,8231461,0,418640716666667
696,2,217938,0,253071816666667
697,2,3790462,0,285499341666667
698,2,8541348,0,6437888
699,3,4867284,0,215325416666667
700,3,35393,0,0717179166666669
701,3,7935028,0,648550175
702,4,447715,0,358632833333333
703,4,4544063,-0,0993845999999995
704,4,337564,-0,216998241666666
705,4,10491,-0,0804680083333334
706,4,2557235,0,3920466
707,4,7652984,0,371629383333333
708,4,916112,0,0425075416666668
709,4,9284654,0,0633965000000003
710,5,050969,0,0268510833333327
711,5,0833964,0,44669325
712,5,833347,0,433139
713,5,8271704,-0,0654127166666669
714,5,803493,-0,11628435
715,5,629517,-0,0722327749999998
716,5,647532,-0,118686533333333
717,5,4462757,0,109936533333334
718,5,761801,-0,156818591666667
719,5,2244306,-0,0324707999999999
720,5,7545943,0,377891900000001
721,5,7782717,-0,0851862
722,5,657827,-0,178866041666667
723,5,4725266,-0,0982693583333333
724,5,455026,-0,117056233333333
725,5,335096,0,360991966666667
726,5,963057,-0,0633539166666669
727,5,204871,-0,510175583333333
728,5,173473,0,0554615000000005
729,5,140531,-0,227764466666667
730,4,782799,-0,197224633333333
731,4,8126526,0,156046566666667
732,4,9171414,-0,275118883333333
733,4,3427114,-0,263966816666667
734,4,324696,-0,520941733333333
735,3,2406912,-1,12123648333333
736,2,3522806,-0,580992666666667
737,2,018226,-0,425460825
738,1,5168864,-0,211636716666667
739,1,6630675,0,308104058333334
740,2,0506532,0,529391816666667
741,2,5911117,0,243806941666667
742,2,5885382,0,181096433333334
743,3,0404642,0,486154975
744,3,472316,0,379564691666667
745,3,8274744,0,435112016666667
746,4,3298435,0,467668233333334
747,4,67934,0,126964741666667
748,4,675222,0,199712041666667
749,5,0669255,0,224118391666667
750,5,033983,-0,110708083333333
751,4,8600073,-0,453941841666667
752,4,3483734,0,111866191666666
753,5,0293508,0,486326700000001
754,5,0463367,-0,31989985
755,4,6077933,-0,175563225
756,4,8147116,0,427734075
757,5,2831087,0,276791825
758,5,316051,-0,0164708500000001
759,5,2970066,-0,071031608333333
760,5,123545,-0,41902695
761,4,59544,-0,183155158333333
762,4,7318416,-0,030154216666667
763,4,3612413,-0,62388625
764,3,611806,-0,581764766666666
765,3,1217902,-0,983162458333333
766,1,79741,-0,806827008333333
767,1,6440228,-0,0986550583333333
768,1,4715909,0,0345721916666667
769,1,6990981,0,19194845
770,1,8231461,0,245694025
771,2,153083,0,194908058333333
772,2,1551418,-0,128294441666667
773,2,016167,0,0831706333333331
774,2,2673514,0,0499708833333336
775,2,0527122,-0,253972508333333
776,1,8478528,-0,194865258333334
777,1,7078483,-0,0388186666666666
778,1,8468233,0,4729868
779,2,5103002,0,397880316666667
780,2,5916264,0,117571091666667
781,2,8917093,0,496878475
782,3,487243,0,51746745
783,3,7126913,-0,308962033333333
784,2,949873,-0,77847435
785,2,3002937,-0,637354791666667
786,1,5297544,-1,28770638333333
787,0,-0,828145125
788,0,0,127479533333333
789,0,0
790,0,0
791,0,0
792,0,-0,326333883333333
793,0,2,20674278333333
794,3,9160066,2,788035975
795,4,8471394,0,460333216666667
796,5,3206835,0,356144683333334
797,5,7134166,0,614707058333333
798,6,572488,0,961415441666666
799,7,4850907,0,736438966666667
800,7,957091,0,1823402
801,7,952973,0,0574773083333332
802,8,127464,0,108434749999999
803,8,158347,0,0665704166666667
804,8,298866,0,199068833333334
805,8,525344,0,218543
806,8,674614,-0,00952250000000069
807,8,541815,-0,100070583333333
808,8,544904,0,0977115833333335
809,8,688511,0,0828270833333337
810,8,675643,-0,0664421249999996
811,8,593802,-0,0408772500000005
812,8,5845375,-0,0635255833333333
813,8,450194,-0,152358416666667
814,8,289086,-0,208976791666667
815,8,058491,-0,127221808333333
816,7,958635,-0,3273632
817,7,3332477,-0,835737166666667
818,6,415498,-0,81437655
819,5,742241,-0,665149941666667
820,5,0031,-0,846503333333333
821,4,015863,-1,16014111666667
822,2,762514,-1,20646614166667
823,1,7392464,-0,661846816666667
824,1,2677609,-0,9292881
825,0,-0,700236733333333
826,0,-0,0966390916666667
827,0,1,33450315
828,2,42743,1,97001350833333
829,3,4054022,0,42104275
830,3,6030555,0,452011825
831,4,352491,0,516781241666667
832,4,5799985,0,261050158333333
833,5,0195713,0,727002083333333
834,5,807096,0,225533758333334
835,5,445246,-0,375618524999999
836,5,278991,-0,0790524916666668
837,5,3021536,0,218327883333333
838,5,6109867,0,167027433333334
839,5,481277,-0,552082608333334
840,4,707649,-0,416152991666667
841,4,7004433,-0,0811113833333335
842,4,358153,-0,604283866666667
843,3,6586456,-0,379092941666666
844,3,6246738,-0,120659508333333
845,3,381725,-0,0847575000000003
846,3,5907023,0,552768933333333
847,4,4039636,0,854224458333333
848,5,1693554,0,702595591666667
849,5,7602563,0,3660104
850,6,0098968,0,5079453
851,6,73617,0,461705758333333
852,6,8813214,0,208204816666666
853,7,191184,0,173719066666667
854,7,151551,-0,208934266666666
855,6,813378,-0,402126933333334
856,6,3660846,-0,510776
857,5,732976,-0,880475508333333
858,4,637647,-1,12020706666667
859,3,5515833,-1,16159921666667
860,2,3574278,-1,02764295
861,1,430413,-1,27565325833333
862,0,-0,75715635
863,0,0,119201083333333
864,0,0
865,0,0
866,0,0
867,0,0
868,0,0
869,0,0
870,0,-0,113410466666667
871,0,0,780276016666667
872,1,3609256,0,882019491666667
873,1,5240926,-0,04774055
874,1,6085069,0,5345819
875,2,553537,0,9356792
876,3,181498,0,100842741666667
877,2,879871,-0,1822546
878,3,009066,0,227035325
879,3,3611362,0,700108191666667
880,4,3071957,0,83316365
881,4,8636103,0,320328716666666
882,5,030895,0,222145441666666
883,5,306786,0,0685868583333333
884,5,186856,-0,0176721166666668
885,5,288256,-0,0112383166666664
886,5,0947204,-0,351083416666666
887,4,704561,-0,187659183333334
888,4,730297,-0,0344435249999998
889,4,624779,0,0625387166666663
890,4,8697867,0,232354333333333
891,5,070014,0,3733884
892,5,503925,0,0983548583333333
893,5,2172246,-0,410491241666666
894,4,8672132,-0,130825291666666
895,4,9022145,-0,153472758333334
896,4,5537477,-0,197439050000001
897,4,5511737,-0,00403204166666667
898,4,4281554,-0,331523841666666
899,3,9458606,-0,400754158333333
900,3,689529,-0,251656366666667
901,3,4512124,-0,0945802333333333
902,3,4908462,0,0453815166666663
903,3,491361,-0,0198167833333334
904,3,4661396,-0,00253070833333317
905,3,491361,0,0177149166666667
906,3,5212147,0,146181033333333
907,3,7193828,-0,0336285249999997
908,3,5361416,0,109464191666667
909,4,0143185,0,583909333333333
910,4,56713,0,530378383333334
911,4,960378,0,0831707416666672
912,4,740077,-0,347222975
913,4,3998456,-0,253500833333334
914,4,2495465,-0,1121238
915,4,078144,-0,405686725
916,3,5119498,-0,375361133333333
917,3,3673127,-0,172088875
918,3,0672297,-0,423444766666667
919,2,5854497,-0,370685816666667
920,2,338383,-0,369870783333333
921,1,9847689,0,137816858333333
922,2,7002327,1,06191481666667
923,3,826445,0,876100233333334
924,4,328814,0,288587666666666
925,4,5002165,0,0923496083333332
926,4,6273527,0,324661058333334
927,5,1065593,0,374846591666666
928,5,2836237,0,0284382083333339
929,5,2522254,0,084457225
930,5,451423,0,112338458333333
931,5,435467,0,0202028666666661
932,5,401495,-0,43764275
933,4,610367,-0,72520075
934,4,102336,-0,42619015
935,3,744604,-0,231710683333333
936,3,5896728,-0,224504658333333
937,3,2895896,-0,18898885
938,3,1562767,-0,410876925
939,2,5453014,-0,272288075
940,2,5658903,-0,380465491666667
941,1,8339553,-0,382352883333333
942,2,0310938,0,621355391666667
943,2,855164,0,629376591666667
944,3,2792952,0,721769458333334
945,4,2670474,0,753767816666667
946,4,6649275,0,281767566666667
947,4,8950086,0,1170565
948,4,921774,-0,0088362333333328
949,4,9171414,0,0359876
950,4,9480247,-0,129452683333334
951,4,673163,-0,250112016666667
952,4,523379,-0,010337308333333
953,4,52132,-0,334998416666667
954,3,8573284,-0,6550269
955,3,3647392,-0,35357125
956,3,1310554,-0,145966541666667
957,2,953991,-0,405858608333333
958,2,3229413,-0,674843841666667
959,1,7701297,-0,2874723
960,1,7582911,0,0673857583333334
961,1,886457,0,374546241666667
962,2,4449306,0,501124908333333
963,2,7686908,0,142492316666667
964,2,8026626,0,0665707166666667
965,3,0384052,0,543203425
966,3,8037972,0,659616666666667
967,4,2593265,0,412506916666667
968,4,654633,0,321915975
969,4,8950086,0,1370018
970,5,0262623,0,382695883333334
971,5,5883393,0,339459433333333
972,5,608928,-0,0678577166666667
973,5,482821,-0,371629475
974,4,9964085,-0,183026558333334
975,5,147737,0,127050841666666
976,5,1245747,-0,116927825
977,4,9835405,-0,0332854500000004
978,5,0859704,0,140991008333333
979,5,238328,0,218027758333334
980,5,4709826,0,163981783333333
981,5,447305,-0,409547375
982,4,790005,-0,41199215
983,4,7050757,-0,116412958333333
984,4,477054,-0,1801098
985,4,3406525,-0,221931108333334
986,4,035937,-0,283054366666667
987,3,839313,-0,135157441666666
988,3,8629904,0,43953
989,4,578969,0,430393483333333
990,4,678825,0,32122945
991,5,201268,0,174276441666667
992,4,986629,-0,212708866666666
993,4,9500837,0,109121083333333
994,5,221857,0,4858547
995,5,773639,0,289188275
996,5,744815,-0,111694758333333
997,5,6634884,-0,062109908333333
998,5,6809893,0,179852541666667
999,6,0083523,0,419584383333333
1000,6,3454957,-0,0426788666666672
1001,5,944527,-0,407316991666667
1002,5,6825333,-0,217941941666667
1003,5,592457,0,28957405
1004,6,144239,0,347523333333334
1005,6,163284,-0,0933362750000001
1006,6,0788693,0,0153557750000004
1007,6,1895347,0,0842858749999999
1008,6,1699753,-0,219829216666667
1009,5,8807015,0,0761360583333332
1010,6,2461543,0,0497993833333334
1011,5,885334,-0,345507441666667
1012,5,6094427,-0,469683925
1013,4,933098,-0,723785316666667
1014,4,2644734,-0,612047733333333
1015,3,8110034,-0,143392833333333
1016,3,9772587,0,346879975
1017,4,3560944,0,299053583333333
1018,4,4626417,-0,1600359
1019,4,1054244,-0,309776958333333
1020,3,8923295,-0,306216783333334
1021,3,5109203,-0,26186495
1022,3,3812103,-0,154330941666667
1023,3,1588502,-0,224075758333333
1024,2,92774,-0,283311608333333
1025,2,572067,-0,468139791666667
1026,2,086684,-0,331609841666667
1027,2,0480797,0,313894691666667
1028,2,7151597,1,01224409166667
1029,3,8331363,0,76775125
1030,4,2202077,0,455614883333333
1031,4,8754487,0,742100675
1032,5,5862803,0,507902008333333
1033,5,856509,0,149054883333333
1034,5,973866,0,192291825
1035,6,1874757,-0,0341000833333338
1036,5,926512,-0,155231633333333
1037,5,886878,-0,229265825
1038,5,431864,-0,526732383333333
1039,4,9814816,-0,1613657
1040,5,0041294,-0,24089
1041,4,4013896,-0,741757633333333
1042,3,681808,-0,556500391666667
1043,3,304002,-0,349239025
1044,2,9030333,-0,483838916666667
1045,2,3620603,-0,521670933333333
1046,1,9523414,-0,151199708333333
1047,1,958518,-0,238745325
1048,1,4890914,-0,246037158333333
1049,1,5210042,-0,0111094666666667
1050,1,4046769,-0,0830847333333332
1051,1,4165156,0,161279633333333
1052,1,6501994,0,0858298916666665
1053,1,5498286,-0,174576608333333
1054,1,4412222,0,153987791666667
1055,1,8396173,0,375618516666667
1056,2,1206555,0,295321841666667
1057,2,4778728,0,440259083333334
1058,3,0034041,0,599179491666667
1059,3,6184971,0,559803083333333
1060,4,055496,0,27288875
1061,4,176971,0,057606291666667
1062,4,1965303,-0,0416500000000002
1063,4,055496,-0,356959933333334
1064,3,583496,-0,263365958333333
1065,3,5562158,-0,0672570333333333
1066,3,3626802,-0,254916283333333
1067,3,096054,-0,16445365
1068,2,961197,-0,385398275
1069,2,317794,-0,661332283333333
1070,1,7613795,-0,462048858333333
1071,1,4335014,-0,154974333333333
1072,1,4314425,0,04203565
1073,1,53799,0,3293793
1074,2,0928605,0,687625941666667
1075,2,7722938,0,494948308333333
1076,3,0543616,0,225834391666667
1077,3,2906191,0,215797266666666
1078,3,5294502,0,343663
1079,3,9834354,0,530421233333333
1080,4,472936,0,288244266666667
1081,4,4734507,-0,264996058333333
1082,3,9906414,-0,630234433333333
1083,3,3050313,-0,640357466666666
1084,2,688394,-0,710960016666667
1085,1,7397611,-1,51684339166667
1086,0,-0,9358079
1087,0,0,144980091666667
1088,0,0
1089,0,0
1090,0,-0,271515966666667
1091,0,1,8210014
1092,3,2581916,2,37282645833333
1093,4,213516,0,906125766666667
1094,5,2342105,0,267269633333333
1095,4,934642,0,136015083333334
1096,5,819964,1,25077495833333
1097,7,267363,1,68979016666667
1098,8,886679,1,04106858333333
1099,9,19088,-0,245221916666667
1100,8,715277,-0,25165625
1101,8,83881,0,25105525
1102,9,089994,0,18478525
1103,9,175953,0,0568343333333326
1104,9,194998,-0,0914916666666672
1105,8,99683,-0,269500333333333
1106,8,75491,-0,00772083333333251
1107,8,889253,-0,151285416666667
1108,8,427032,-0,411520333333334
1109,8,189231,-0,1587055
1110,8,092978,0,00360258333333411
1111,8,121287,-0,1152122
1112,7,840249,-0,297209125
1113,7,5499454,-0,3642517
1114,7,0887547,-0,5468921
1115,6,480353,-0,67269925
1116,5,846215,-0,363608366666667
1117,5,6820188,-0,333110966666666
1118,5,0653815,-0,748749425
1119,4,2310166,-0,933620425
1120,3,2231905,-1,06774825833333
1121,2,1479359,-1,13500535833333
1122,1,213715,-0,137044875
1123,1,7752769,0,398437933333333
1124,1,886457,0,471099575
1125,2,7486167,0,819566341666667
1126,3,3472385,0,394320116666667
1127,3,6267328,0,403413608333334
1128,4,1795444,0,490658775
1129,4,5661006,0,383725483333333
1130,4,9742756,0,431852033333333
1131,5,3798766,0,267269599999999
1132,5,507528,0,0990412666666661
1133,5,6248846,0,1450659
1134,5,7458444,-0,0586356833333332
1135,5,545617,-0,0765649750000003
1136,5,5770154,-0,1565184
1137,5,1930323,-0,4322382
1138,4,8033876,-0,309133499999999
1139,4,543453,-0,311278008333333
1140,4,089983,-0,68479505
1141,3,2211316,-0,888410675
1142,2,442357,-0,615436108333333
1143,2,0233731,-0,280866816666667
1144,1,8931483,0,0700879333333332
1145,2,1978638,0,64194435
1146,2,9972274,0,517338841666667
1147,3,1526737,0,0613806833333334
1148,3,3235614,0,477662216666667
1149,4,0719676,0,720696958333333
1150,4,619632,0,389944716666666
1151,4,872875,0,175091383333334
1152,5,051484,0,287086558333334
1153,5,425687,0,301627033333334
1154,5,5970893,0,0835565000000001
1155,5,618193,-0,0176719500000001
1156,5,588854,0,0124391083333339
1157,5,571868,-0,263323416666667
1158,5,07722,-0,476975641666667
1159,4,685002,-0,426661966666666
1160,4,2176337,-0,4623065
1161,3,8151212,-0,239688883333334
1162,3,6658516,-0,316811516666667
1163,3,1470118,-0,503441158333333
1164,2,6744967,-0,667852133333333
1165,1,9255759,-0,376776675
1166,1,90859,-0,2035727
1167,1,5410783,0,0463678666666666
1168,2,0413883,0,488600183333333
1169,2,4315479,0,60411225
1170,3,1691446,0,467582191666667
1171,3,3137817,0,111952108333333
1172,3,4882724,0,0965104166666666
1173,3,641145,0,5916301
1174,4,629926,0,958627316666667
1175,5,3474493,0,515365966666666
1176,5,635179,0,0365879833333334
1177,5,4987774,-0,145494891666667
1178,5,401495,-0,147767991666666
1179,5,223916,-0,0965532499999996
1180,5,2095037,-0,0597079666666666
1181,5,121486,0,0250926833333336
1182,5,2985506,0,315910916666667
1183,5,635179,0,109378441666666
1184,5,5281167,-0,0208033333333337
1185,5,6454735,0,0609518083333331
1186,5,6305466,0,0278807666666672
1187,5,7231965,0,089775891666667
1188,5,8153315,0,181825633333333
1189,6,046442,0,151628458333333
1190,6,034603,-0,258433291666667
1191,5,657827,-0,102043333333334
1192,5,807611,-0,0749352916666669
1193,5,455026,-0,291418749999999
1194,5,3114185,-0,131125166666667
1195,5,185312,-0,0317412166666668
1196,5,223401,-0,0228624333333332
1197,5,1317806,-0,0558044999999998
1198,5,1575165,0,123962433333333
1199,5,32789,0,10208655
1200,5,304727,-0,138589208333334
1201,5,084426,-0,188517
1202,4,872875,-0,442275233333334
1203,4,135278,-0,975956066666667
1204,3,0188458,-1,12857121666667
1205,1,9636652,-0,972739233333333
1206,1,0428272,-1,05753965
1207,0,-0,531579366666667
1208,0,0,0869022666666667
1209,0,0
1210,0,-0,1641106
1211,0,1,11137105
1212,1,9693272,1,3984145
1213,2,418165,0,198511141666667
1214,2,564346,-0,0906339750000001
1215,2,3780167,0,0464107916666667
1216,2,7357485,0,4601187
1217,3,2324555,0,559503175
1218,3,878432,0,800993558333333
1219,4,8054466,1,01014224166667
1220,5,7077546,0,4680112
1221,5,7453294,-0,0316982416666667
1222,5,78136,0,0147554416666668
1223,5,7746687,0,0037317999999998
1224,5,7654037,-0,0868595083333337
1225,5,5728974,-0,301326966666667
1226,5,2095037,-0,310334508333333
1227,4,9433923,-0,362106925
1228,4,453377,-0,560789941666667
1229,3,8691669,-0,577861633333333
1230,3,3451798,-0,475774941666667
1231,3,0121543,-0,0224762916666666
1232,3,3065755,0,416925066666667
1233,3,830048,0,87678645
1234,4,8852286,0,68633905
1235,5,1199417,0,224032908333333
1236,5,3896565,0,0616811666666671
1237,5,1770763,-0,457330758333333
1238,4,6021314,-0,481308475
1239,4,30771,-0,140519141666667
1240,4,2104278,-0,265639383333334
1241,3,7296772,-0,616594408333333
1242,3,1655416,-0,203358183333333
1243,3,3477533,0,314752733333333
1244,3,5953348,0,0326848750000001
1245,3,39099,-0,259248458333333
1246,3,1192167,-0,389172891666667
1247,2,64979,-0,404142716666667
1248,2,3358095,-0,332253191666667
1249,1,973445,-0,321615633333333
1250,1,695495,-0,347008608333333
1251,1,3866616,0,02504985
1252,1,8056456,0,709973508333334
1253,2,5540516,0,430222041666666
1254,2,5149329,-0,437814133333333
1255,1,8982955,-0,405000675
1256,1,8133664,-0,0493704333333332
1257,1,8015277,0,221587808333333
1258,2,3332357,0,878759616666667
1259,3,3981962,0,963517266666666
1260,4,041599,0,136444191666667
1261,3,9062269,0,355544266666667
1262,4,760151,0,548221816666666
1263,4,880081,0,185686325000001
1264,5,25377,0,42550375
1265,5,626943,0,173546833333333
1266,5,629002,0,0676002500000003
1267,5,799375,0,127350958333333
1268,5,822023,-0,0884893083333331
1269,5,6428995,-0,2408042
1270,5,4390697,0,00381754166666607
1271,5,625399,0,131854783333334
1272,5,6362085,0,00780675000000053
1273,5,6377525,-0,0808974500000003
1274,5,4442167,-0,308490266666667
1275,5,060234,-0,378535291666667
1276,4,7179437,-0,34645065
1277,4,369992,-0,303514325
1278,4,0796885,-0,42284445
1279,3,5963643,-0,30943395
1280,3,6030555,0,405901191666667
1281,4,2701354,0,544790583333333
1282,4,599043,0,356402391666667
1283,5,0267773,0,44819445
1284,5,379362,-0,00613392499999987
1285,5,134354,0,039847933333333
1286,5,5332637,0,3966793
1287,5,7798157,0,113153116666667
1288,5,782904,-0,0381752416666666
1289,5,773639,0,0927785583333331
1290,5,941953,0,0982691416666666
1291,5,938865,-0,015527216666667
1292,5,9254823,-0,0659271833333333
1293,5,8282,-0,0617666916666669
1294,5,8477592,0,1261925
1295,6,0582805,0,224118766666667
1296,6,2518163,0,167842333333333
1297,6,3712316,0,031826875
1298,6,33726,0,00488980000000009
1299,6,3599076,-0,134728533333333
1300,6,1025467,-0,117227783333333
1301,6,1102676,-0,165526266666667
1302,5,7468734,-0,348895941666667
1303,5,5008364,-0,183970116666667
1304,5,4138484,0,121860516666667
1305,5,653709,0,0642545999999996
1306,5,507528,-0,0878031333333334
1307,5,479218,-0,217341666666667
1308,5,071558,-0,387456833333334
1309,4,774049,-0,251012858333333
1310,4,515658,-0,368970433333333
1311,4,0441723,-0,468268558333334
1312,3,6601896,-0,235999975
1313,3,5495245,-0,1112657
1314,3,3904753,-0,144894416666667
1315,3,2216463,-0,299482525
1316,2,775897,-0,551181616666667
1317,2,2266884,-0,437042033333333
1318,2,0449915,0,188345416666667
1319,2,6189067,0,881504683333333
1320,3,6534984,1,02575550833333
1321,4,5166874,0,582193791666666
1322,4,918171,0,622427975
1323,5,749962,0,629247641666667
1324,6,0505595,0,0794817166666667
1325,6,0248237,0,0424647999999997
1326,6,163284,0,0848862583333333
1327,6,1421804,-0,120788083333333
1328,5,970778,-0,110193383333334
1329,5,9342327,-0,0523731666666668
1330,5,822023,-0,194736658333334
1331,5,5806184,-0,200098108333333
1332,5,4787035,0,0418641000000008
1333,5,588854,-0,0390761166666664
1334,5,3855386,-0,175520275
1335,5,3042126,-0,0309262000000006
1336,5,3078156,0,0271945833333337
1337,5,3381844,0,000600441666666877
1338,5,330978,0,0977113666666667
1339,5,4823065,0,0135972416666665
1340,5,288256,-0,373817183333333
1341,4,8332415,-0,379007216666666
1342,4,6242642,-0,0455098666666662
1343,4,7184587,0,176935933333333
1344,4,916112,0,168914708333333
1345,5,0447927,0,172732358333333
1346,5,2079597,0,00355986666666608
1347,4,980452,-0,45377055
1348,4,358668,-0,721168458333333
1349,3,6957057,-0,4215577
1350,3,5840108,0,0832992083333335
1351,3,8418868,0,518797283333333
1352,4,5285263,0,699893316666667
1353,5,0262623,0,0315694999999994
1354,4,660295,-0,3033427
1355,4,5172024,-0,275033225
1356,4,0961595,-0,344906858333334
1357,3,813577,-0,436827658333333
1358,3,1701741,-0,731291641666667
1359,2,3512511,-1,141825375
1360,1,173052,-0,277649758333333
1361,1,5385047,-0,586097075
