tiempo;VELOCIDAD;ACELERACION;;
1;0;0;;0
2;0;0;;0
3;0;0;;0
4;0;0;;0
5;0;0;;0
6;0;0;;0
7;0;0;;0
8;0;0;;0
9;0;-0,298333333;;0
10;0;2,064166667;;0
11;3,58;2,208333333;;3,58
12;3,87;0,123333333;;3,87
13;4,46;0,858333333;;4,46
14;5,56;1,239166667;;5,56
15;6,8;1,171666667;;6,8
16;7,72;0,419166667;;7,72
17;7,68;-0,1;;7,68
18;7,57;-0,365833333;;7,57
19;6,8;-1,311666667;;6,8
20;5,07;-1,8275;;5,07
21;3,42;-1,311666667;;3,42
22;2,46;-0,838333333;;2,46
23;1,66;-0,7675;;1,66
24;1,05;-0,211666667;;1,05
25;1,35;0,76;;1,35
26;2,52;1,6775;;2,52
27;4,3;1,0525;;4,3
28;4,52;0,016666667;;4,52
29;4,72;0,628333333;;4,72
30;5,68;0,680833333;;5,68
31;6,04;0,559166667;;6,04
32;6,91;0,920833333;;6,91
33;7,85;1,2;;7,85
34;9,11;0,705;;9,11
35;9,24;0,201666667;;9,24
36;9,57;-0,015;;9,57
37;9,11;-0,715833333;;9,11
38;8,25;-0,908333333;;8,25
39;7,27;-1,250833333;;7,27
40;5,75;-1,713333333;;5,75
41;4,12;-1,063333333;;4,12
42;3,61;-0,524166667;;3,61
43;2,91;-0,651666667;;2,91
44;2,36;-0,4375;;2,36
45;1,94;-0,685833333;;1,94
46;1,1;-0,5675;;1,1
47;1,06;0,5975;;1,06
48;2,13;1,099166667;;2,13
49;3,01;0,749166667;;3,01
50;3,51;-0,038333333;;3,51
51;3,11;-0,148333333;;3,11
52;3,39;0,4275;;3,39
53;3,83;0,413333333;;3,83
54;4,14;0,178333333;;4,14
55;4,15;-0,128333333;;4,15
56;3,81;-0,729166667;;3,81
57;2,73;-1,280833333;;2,73
58;1,53;-0,779166667;;1,53
59;1,28;0,008333333;;1,28
60;1,56;0,815;;1,56
61;2,87;1,641666667;;2,87
62;4,47;1,0325;;4,47
63;4,86;0,1475;;4,86
64;5,09;0,57;;5,09
65;6,06;1,1375;;6,06
66;7,23;1,165833333;;7,23
67;8,33;1,073333333;;8,33
68;9,26;0,5125;;9,26
69;9,42;0,1875;;9,42
70;9,8;0,5425;;9,8
71;10,4;0,425;;10,4
72;10,59;0,086666667;;10,59
73;10,64;0,055;;10,64
74;10,68;-0,094166667;;10,68
75;10,46;-0,218333333;;10,46
76;10,28;-0,195833333;;10,28
77;10,06;-0,174166667;;10,06
78;9,83;-0,485;;9,83
79;8,95;-1,223333333;;8,95
80;7,22;-2,6975;;7,22
81;3,86;-3,170833333;;3,86
82;1,48;-1,3925;;1,48
83;1,08;0,245;;1,08
84;1,69;0,824166667;;1,69
85;2,6;1,135;;2,6
86;3,75;0,7175;;3,75
87;3,94;-0,1075;;3,94
88;3,8;0,174166667;;3,8
89;4,29;0,328333333;;4,29
90;4,46;0,4425;;4,46
91;5,28;1,053333333;;5,28
92;6,41;1,081666667;;6,41
93;7,25;0,379166667;;7,25
94;7,24;0,031666667;;7,24
95;7,37;-0,039166667;;7,37
96;6,99;-0,780833333;;6,99
97;5,72;-1,9325;;5,72
98;3,41;-2,049166667;;3,41
99;1,92;-1,121666667;;1,92
100;1,18;-0,280833333;;1,18
101;1,34;0,536666667;;1,34
102;2,14;0,970833333;;2,14
103;3,16;1,075;;3,16
104;4,09;0,413333333;;4,09
105;4,04;-0,09;;4,04
106;4,22;0,655;;4,22
107;5,28;1,035;;5,28
108;6,15;0,934166667;;6,15
109;7,06;0,535833333;;7,06
110;7,25;0,215;;7,25
111;7,65;0,56;;7,65
112;8,29;0,544166667;;8,29
113;8,66;0,2475;;8,66
114;8,8;0,053333333;;8,8
115;8,76;-0,099166667;;8,76
116;8,45;-0,768333333;;8,45
117;7,05;-2,144166667;;7,05
118;4,34;-3,0125;;4,34
119;1,61;-1,701666667;;1,61
120;1,08;0,003333333;;1,08
121;1,39;0,78;;1,39
122;2,54;1,424166667;;2,54
123;3,93;0,9325;;3,93
124;4,31;0,05;;4,31
125;4,36;0,489166667;;4,36
126;5,38;1,203333333;;5,38
127;6,62;1,314166667;;6,62
128;7,95;1,355833333;;7,95
129;9,15;0,674166667;;9,15
130;9,35;0,214166667;;9,35
131;9,73;0,375833333;;9,73
132;10,02;0,135833333;;10,02
133;10;-0,101666667;;10
134;9,88;-0,094166667;;9,88
135;9,83;-0,033333333;;9,83
136;9,79;-0,07;;9,79
137;9,68;-0,0925;;9,68
138;9,52;-0,391666667;;9,52
139;8,78;-1,140833333;;8,78
140;7,29;-1,748333333;;7,29
141;5,53;-1,418333333;;5,53
142;4,5;-1,004166667;;4,5
143;3,48;-0,7475;;3,48
144;2,94;-0,7425;;2,94
145;2,02;-0,634166667;;2,02
146;1,73;-0,285;;1,73
147;1,41;-0,135833333;;1,41
148;1,48;0,21;;1,48
149;1,65;-0,198333333;;1,65
150;1,13;-0,405833333;;1,13
151;0,99;0,016666667;;0,99
152;1,07;0,003333333;;1,07
153;0,97;-0,010833333;;0,97
154;0,93;-0,5575;;0,93
155;0;0;;0
156;0;0;;0
157;0;1,034166667;;0
158;1,88;1,410833333;;0,51
159;2,63;1,0675;;1,59
160;4,11;1,298333333;;2,73
161;5,03;0,650833333;;4,17
162;5,5;0,401666667;;5,32
163;5,94;0,52;;4,65
164;6,57;0,738333333;;5,69
165;7,35;0,744166667;;6,87
166;7,92;0,2075;;7,57
167;7,81;-0,174166667;;7,84
168;7,76;0,21;;8,29
169;8,16;0,263333333;;7,84
170;8,2;0,025;;6,46
171;8,17;-0,3375;;3,41
172;7,54;-0,734166667;;1,41
173;6,93;-0,141666667;;1,24
174;7,09;-0,37;;2,04
175;6,27;-0,263333333;;3,55
176;6,7;0,465833333;;4,26
177;6,97;0,186666667;;4,29
178;7,1;0,113333333;;4,36
179;7,23;0,165833333;;4,76
180;7,42;0,175833333;;5,73
181;7,54;0,024166667;;6,75
182;7,47;-0,0825;;6,88
183;7,34;-0,340833333;;7,15
184;6,81;-0,52;;7,54
185;6,35;-0,533333333;;7,91
186;5,79;-0,391666667;;8,26
187;5,58;-0,146666667;;8,51
188;5,35;-0,425;;8,64
189;4,59;-1,395;;8,57
190;2,97;-0,56;;7,58
191;3,28;-0,646666667;;5,8
192;1,59;-1,1825;;3,11
193;1,31;0,069166667;;1,54
194;1,4;-0,2425;;0,97
195;0,93;0,110833333;;2,3
196;1,46;-0,196666667;;3,53
197;0,46;-0,929166667;;4,65
198;0;0,0175;;4,49
199;0,4;0,361666667;;4,05
200;0,77;1,045;;4,58
201;2,28;0,92;;4,64
202;2,5;0,391666667;;4,46
203;3,2;0,4775;;3,19
204;3,43;0,411666667;;1,75
205;3,99;0,248333333;;1,47
206;3,88;-0,206666667;;2,27
207;3,82;0,378333333;;3,79
208;4,55;0,569166667;;4,3
209;4,81;0,169166667;;4,51
210;4,97;0,1675;;5,36
211;5,15;0,15;;6,45
212;5,26;0,104166667;;7,52
213;5,33;-0,0575;;8,37
214;5,16;-0,18;;8,41
215;5,04;0,053333333;;8,81
216;5,1;-0,360833333;;9,36
217;4,21;-1,235833333;;9,85
218;2,85;-1,2675;;10
219;1,87;-0,604166667;;10,32
220;1,59;-0,188333333;;10,24
221;1,38;-0,21;;10,27
222;1,19;-0,151666667;;10,28
223;1,19;0,4275;;10,11
224;1,89;0,33;;9,77
225;1,85;0,200833333;;8,79
226;2,51;1,049166667;;7,43
227;3,74;1,010833333;;4,76
228;4,42;0,615833333;;1,89
229;5;0,358333333;;1,21
230;5,2;0,366666667;;1,71
231;5,68;0,1375;;2,56
232;5,46;-0,211666667;;2,73
233;5,43;0,19;;2,87
234;5,74;0,178333333;;3,91
235;5,64;-0,400833333;;3,97
236;5;-0,761666667;;3,59
237;4,32;-0,335;;3,57
238;4,32;-0,000833333;;4,74
239;4,22;-0,028333333;;4,62
240;4,21;-0,205;;4,85
241;3,78;-0,4975;;5,14
242;3,26;-0,600833333;;5,25
243;2,59;-0,728333333;;5,85
244;1,9;-0,461666667;;6,46
245;1,64;-0,36;;6,33
246;1,2;-0,215833333;;4,63
247;1,31;0,385;;2,36
248;1,85;0,4925;;1,35
249;2,22;0,343333333;;1,06
250;2,57;0,3875;;1,39
251;2,95;0,205833333;;2,04
252;3,04;0,308333333;;3,38
253;3,51;0,135;;4,47
254;3,35;0,105;;4,43
255;3,81;0,4675;;5,24
256;4,18;0,343333333;;6,42
257;4,54;0,455833333;;7,6
258;5,07;0,48;;7,95
259;5,46;0,345;;8,34
260;5,78;0,305;;8,72
261;6,08;0,311666667;;8,82
262;6,37;0,2025;;8,88
263;6,44;-0,085833333;;8,83
264;6,23;-0,305833333;;8,35
265;5,99;0,143333333;;7,26
266;6,44;0,2625;;9
267;6,4;-0,113333333;;7
268;6,36;0,21;;11,12
269;6,71;0,035833333;;11,44
270;6,4;-0,273333333;;11,4
271;6,29;-0,0625;;11,32
272;6,28;0,119166667;;11,06
273;6,5;0,256666667;;9,36
274;6,65;-0,205;;6,99
275;6,17;-0,319166667;;4,66
276;6,1;-0,135;;3,34
277;5,93;0,1325;;2,41
278;6,35;0,4425;;2,31
279;6,58;-0,095;;2,27
280;5,99;-1,311666667;;1,94
281;4,19;-1,655;;2
282;2,97;-0,8625;;0
283;2,28;-0,99;;0
284;1,06;-0,8075;;0
285;0,79;-0,096666667;;1,88
286;0,74;0,093333333;;2,63
287;0,88;-0,065833333;;4,11
288;0,66;-0,025;;5,03
289;0,94;0,470833333;;5,5
290;1,52;0,675;;5,94
291;2,11;0,124166667;;6,57
292;1,92;0,1725;;7,35
293;2,65;1,0625;;7,92
294;3,77;0,800833333;;7,81
295;4,16;0,2125;;7,76
296;4,39;0,480833333;;8,16
297;5,06;0,413333333;;8,2
298;5,2;0,2875;;8,17
299;5,68;0,41;;7,54
300;5,9;0,015;;6,93
301;5,74;-0,196666667;;7,09
302;5,5;-0,51;;6,27
303;4,84;-0,366666667;;6,7
304;4,82;0,0125;;6,97
305;4,7;-0,3175;;7,1
306;4,23;-0,315;;7,23
307;3,93;-0,959166667;;7,42
308;2,44;-1,138333333;;7,54
309;1,89;-0,369166667;;7,47
310;1,57;-0,184166667;;7,34
311;1,4;-0,4325;;6,81
312;0,73;-0,670833333;;6,35
313;0,36;0,214166667;;5,79
314;1,3;1,770833333;;5,58
315;3,39;1,313333333;;5,35
316;3,72;0,114166667;;4,59
317;3,96;0,3875;;2,97
318;4,49;0,483333333;;3,28
319;4,9;0,505833333;;1,59
320;5,44;0,283333333;;1,31
321;5,49;0,188333333;;1,4
322;5,81;0,076666667;;0,93
323;5,6;-0,238333333;;1,46
324;5,4;-0,235;;0,46
325;5,07;-0,441666667;;0
326;4,39;-1,185833333;;0,4
327;2,82;-1,554166667;;0,77
328;1,63;-0,541666667;;2,28
329;1,64;-0,028333333;;2,5
330;1,45;0,070833333;;3,2
331;1,72;-0,065;;3,43
332;1,42;0,245;;3,99
333;2,18;0,460833333;;3,88
334;2,19;0,06;;3,82
335;2,35;-0,063333333;;4,55
336;2,06;-0,226666667;;4,81
337;1,9;-0,411666667;;4,97
338;1,31;-0,405833333;;5,15
339;1,29;0,445833333;;5,26
340;2,05;0,669166667;;5,33
341;2,47;0,295833333;;5,16
342;2,72;0,329166667;;5,04
343;3,1;0,186666667;;5,1
344;3,14;0,215;;4,21
345;3,59;0,523333333;;2,85
346;4,06;0,2775;;1,87
347;4,18;0,224166667;;1,59
348;4,53;0,235833333;;1,38
349;4,66;0,2675;;1,19
350;5,07;0,379166667;;1,19
351;5,29;-0,095833333;;1,89
352;5,02;-0,036666667;;1,85
353;5,41;1,4075;;2,51
354;6,47;-3,188333333;;3,74
355;0;-3,8625;;4,42
356;0;0,539166667;;5
357;0;0;;5,2
358;0;-0,375833333;;5,68
359;0;2,669166667;;5,46
360;4,51;2,41;;5,43
361;4,05;-0,946666667;;5,74
362;3,48;-0,460833333;;5,64
363;3,12;-0,446666667;;5
364;2,6;-0,419166667;;4,32
365;2,37;-0,006666667;;4,32
366;2,51;0,104166667;;4,22
367;2,48;-0,1175;;4,21
368;2,23;-0,530833333;;3,78
369;1,54;-0,493333333;;3,26
370;1,36;0,001666667;;2,59
371;1,44;-0,049166667;;1,9
372;1,41;0,5375;;1,64
373;2,53;1,28;;1,2
374;3,63;0,658333333;;1,31
375;3,84;0,086666667;;1,85
376;3,99;0,24;;2,22
377;4,37;0,545833333;;2,57
378;4,99;0,495833333;;2,95
379;5,29;0,18;;3,04
380;5,4;0,100833333;;3,51
381;5,49;-0,043333333;;3,35
382;5,38;0,1125;;3,81
383;5,65;-0,003333333;;4,18
384;5,33;-0,324166667;;4,54
385;5,13;-0,091666667;;5,07
386;5,11;-0,055;;5,46
387;4,99;-0,146666667;;5,78
388;4,87;-0,006666667;;6,08
389;4,97;0,133333333;;6,37
390;5,03;-0,096666667;;6,44
391;4,67;-0,71;;6,23
392;3,63;-1,305;;5,99
393;2,29;-1,039166667;;6,44
394;1,65;-0,453333333;;6,4
395;1,3;-0,245833333;;6,36
396;1,15;0,000833333;;6,71
397;1,24;-0,045;;6,4
398;1,16;0,3125;;6,29
399;1,92;0,916666667;;6,28
400;2,84;0,975833333;;6,5
401;3,68;0,308333333;;6,65
402;3,53;-0,085833333;;6,17
403;3,74;0,4825;;6,1
404;4,35;0,379166667;;5,93
405;4,45;0,118333333;;6,35
406;4,66;0,193333333;;6,58
407;4,8;0,065;;5,99
408;4,83;0,125;;4,19
409;5,03;0,084166667;;2,97
410;5;0,0425;;2,28
411;5,15;0,151666667;;1,06
412;5,28;0,173333333;;0,79
413;5,45;0,015;;0,74
414;5,32;-0,116666667;;0,88
415;5,29;0,081666667;;0,66
416;5,4;-0,098333333;;0,94
417;5,11;-0,194166667;;1,52
418;5,06;-0,069166667;;2,11
419;4,9;-0,285833333;;1,92
420;4,55;-0,266666667;;2,65
421;4,46;0,145833333;;3,77
422;4,74;0,134166667;;4,16
423;4,67;-0,080833333;;4,39
424;4,62;-0,104166667;;5,06
425;4,47;-0,091666667;;5,2
426;4,39;-0,220833333;;5,68
427;3,93;-0,754166667;;5,9
428;2,95;-1,055;;5,74
429;2;-0,650833333;;5,5
430;1,61;-0,476666667;;4,84
431;1,02;-0,429166667;;4,82
432;0,83;0,015;;4,7
433;0,91;-0,235833333;;4,23
434;0,55;0,349166667;;3,93
435;1,61;0,930833333;;2,44
436;2,24;0,8825;;1,89
437;3,26;0,459166667;;1,57
438;3,16;0,014166667;;1,4
439;3,46;0,305;;0,73
440;3,67;0,103333333;;0,36
441;3,68;0,001666667;;1,3
442;3,68;-0,105;;3,39
443;3,52;-0,028333333;;3,72
444;3,65;0,1875;;3,96
445;3,78;-0,155;;4,49
446;3,51;0,2875;;4,9
447;4,26;0,363333333;;5,44
448;4,04;-0,4375;;5,49
449;3,66;-0,036666667;;5,81
450;3,96;0,285;;5,6
451;4,06;-0,169166667;;5,4
452;3,82;0,273333333;;5,07
453;4,57;0,520833333;;4,39
454;4,76;0,360833333;;2,82
455;5,33;0,463333333;;1,63
456;5,57;0,038333333;;1,64
457;5,49;-0,014166667;;1,45
458;5,58;0,053333333;;1,72
459;5,58;0,0225;;1,42
460;5,65;0,1225;;2,18
461;5,78;0,030833333;;2,19
462;5,71;-0,044166667;;2,35
463;5,69;-0,160833333;;2,06
464;5,46;0,03;;1,9
465;5,71;0,095;;1,31
466;5,51;-0,395833333;;1,29
467;4,95;-0,769166667;;2,05
468;4,13;-0,525833333;;2,47
469;3,9;-0,3125;;2,72
470;3,42;-0,463333333;;3,1
471;3,02;-0,334166667;;3,14
472;2,65;-0,695;;3,59
473;1,75;-0,481666667;;4,06
474;1,6;-0,721666667;;4,18
475;0,4;-0,678333333;;4,53
476;0,51;0,5525;;4,66
477;1,17;0,298333333;;5,07
478;1,13;0,279166667;;5,29
479;1,78;0,511666667;;5,02
480;2,04;0,260833333;;5,41
481;2,31;0,085833333;;6,47
482;2,24;0,008333333;;0
483;2,35;0,016666667;;0
484;2,26;-0,088333333;;0
485;2,27;0,2275;;0
486;2,66;0,328333333;;0
487;2,82;0,0275;;4,51
488;2,72;-0,246666667;;4,05
489;2,42;-0,2;;3,48
490;2,42;0,241666667;;3,12
491;2,82;0,3325;;2,6
492;3,02;0,190833333;;2,37
493;3,23;0,1575;;2,51
494;3,41;0,446666667;;2,48
495;4,05;0,520833333;;2,23
496;4,22;-0,3025;;1,54
497;3,46;-1,0825;;1,36
498;2,32;-0,8475;;1,44
499;1,84;-0,4075;;1,41
500;1,43;-0,319166667;;2,53
501;1,23;-0,054166667;;3,63
502;1,27;0,02;;3,84
503;1,21;-0,181666667;;3,99
504;1,03;0,0775;;4,37
505;1,49;0,920833333;;4,99
506;2,58;0,560833333;;5,29
507;2,56;0,0575;;5,4
508;2,86;0,214166667;;5,49
509;3,04;0,545;;5,38
510;3,85;0,575833333;;5,65
511;3,94;-0,415833333;;5,33
512;3,15;-0,795;;5,13
513;2,43;-1,018333333;;5,11
514;1,31;-0,5025;;4,99
515;1,44;0,169166667;;4,87
516;1,26;-0,850833333;;4,97
517;0;-0,72;;5,03
518;0;0;;4,67
519;0;0;;3,63
520;0;0;;2,29
521;0;0;;1,65
522;0;0;;1,3
523;0;0;;1,15
524;0;0;;1,24
525;0;0;;1,16
526;0;0;;1,92
527;0;-0,1310397;;2,84
528;0;0,7909136;;3,68
529;1,5724764;1,738731625;;3,53
530;3,088848;1,1581679;;3,74
531;3,8460045;0,564864983;;4,35
532;4,29021;0,260878233;;4,45
533;4,4049926;0,025478458;;4,66
534;4,430214;0,128938042;;4,8
535;4,660295;0,207776433;;4,83
536;4,7853727;0,0364595;;5,03
537;4,752945;-0,01951685;;5
538;4,7339;-0,144594208;;5,15
539;4,4827156;-0,210563942;;5,28
540;4,358668;-0,11902945;;5,45
541;4,2778563;0,074377258;;5,32
542;4,523379;0,397923325;;5,29
543;4,9078765;0,063139158;;5,4
544;4,6237497;-0,370943167;;5,11
545;4,323152;-0,157290592;;5,06
546;4,296901;-0,025178442;;4,9
547;4,180574;-0,324661108;;4,55
548;3,785267;-0,034829658;;4,46
549;4,1260133;0,317540983;;4,74
550;4,2783713;0,084800617;;4,67
551;4,3149166;0,010723367;;4,62
552;4,278886;-0,155746525;;4,47
553;4,0014505;-0,369570667;;4,39
554;3,6396008;-0,202586075;;3,93
555;3,635483;0,105603875;;2,95
556;3,7821789;0,14969835;;2
557;3,8748288;0,008278483;;1,61
558;3,757987;-0,256288783;;1,02
559;3,342606;-0,632679483;;0,83
560;2,5998619;-0,598064158;;0,91
561;2,2019818;-0,381966783;;0,55
562;1,8097633;-0,317026092;;1,61
563;1,6054186;-0,028524183;;2,24
564;1,6316694;-0,173118258;;3,26
565;1,1195208;-0,953994717;;3,16
566;0;-0,61037475;;3,46
567;0;0,0932934;;3,67
568;0;0;;3,68
569;0;0;;3,68
570;0;0;;3,52
571;0;0;;3,65
572;0;0;;3,78
573;0;0;;3,51
574;0;0;;4,26
575;0;0;;4,04
576;0;0;;3,66
577;0;0;;3,96
578;0;0;;4,06
579;0;0;;3,82
580;0;0;;4,57
581;0;0;;4,76
582;0;0;;5,33
583;0;0;;5,57
584;0;0;;5,49
585;0;0;;5,58
586;0;0;;5,58
587;0;-0,142234908;;5,65
588;0;0,985607283;;5,78
589;1,7068189;1,00117755;;5,71
590;1,8272638;0,331223792;;5,69
591;2,6039798;0,762475258;;5,46
592;3,2026017;0,469340883;;5,71
593;3,559819;0,2585193;;5,51
594;3,8418868;0,557272592;;4,95
595;4,616029;0,6317357;;4,13
596;4,9650106;0,139532483;;3,9
597;4,963981;-0,011195233;;3,42
598;4,951113;-0,192634983;;3,02
599;4,639191;-0,160850567;;2,65
600;4,6783104;0,060222617;;1,75
601;4,711767;0,08771705;;1,6
602;4,8090496;-0,048040575;;0,4
603;4,6325;-0,103459142;;0,51
604;4,6206613;-0,065670167;;1,17
605;4,4461703;-0,278464592;;1,13
606;4,106454;-0,266883275;;1,78
607;3,8604167;-0,429192742;;2,04
608;3,1372318;-1,120250008;;2,31
609;1,8427056;-0,945458817;;2,24
610;1,4077653;-0,24766725;;2,35
611;1,3701905;0,480879183;;2,26
612;2,329118;1,105837883;;2,27
613;3,442977;1,181158808;;2,66
614;4,7200027;1,526494433;;2,82
615;6,3233624;1,253177058;;2,72
616;7,054268;0,322173258;;2,42
617;7,0789747;-0,111994883;;2,42
618;6,898822;-0,38153805;;2,82
619;6,423733;-0,219357567;;3,02
620;6,390791;-0,287515;;3,23
621;5,6470175;-1,186820933;;3,41
622;4,135278;-1,623047908;;4,05
623;2,6214802;-1,279685008;;4,22
624;1,6630675;-0,67321375;;3,46
625;1,2255536;-0,299225242;;2,32
626;1,0464302;0,070516942;;1,84
627;1,2790847;0,144851425;;1,43
628;1,245113;-0,176120775;;1,23
629;1,0767989;0,166727175;;1,27
630;1,5415931;0,341217892;;1,21
631;1,6501994;0,058506783;;1,03
632;1,7377023;0,172260392;;1,49
633;1,9435911;0,041263542;;2,58
634;1,821602;-0,084457283;;2,56
635;1,8262345;0,001973042;;2,86
636;1,8123369;0,032641875;;3,04
637;1,8457938;-0,130010217;;3,85
638;1,5863739;-0,127007625;;3,94
639;1,5786531;-0,207004125;;3,15
640;1,1993028;-0,199240383;;2,43
641;1,2332745;0,017243167;;1,31
642;1,2142297;0,170458825;;1,44
643;1,4911503;0,104488608;;1,26
644;1,2168033;-0,892914392;;0
645;0;-0,686939675;;0
646;0;0,101400275;;0
647;0;0;;0
648;0;0;;0
649;0;0;;0
650;0;-0,274775883;;0
651;0;1,843906608;;0
652;3,2973106;2,434507417;;0
653;4,2516055;0,559031017;;0
654;4,798755;0,5253598;;0
655;5,303183;0,29836765;;0
656;5,405613;0,060351158;;1,5724764
657;5,5260577;0,225362258;;3,088848
658;5,8575387;0,389044342;;3,8460045
659;6,2142415;0,183498708;;4,29021
660;6,2425513;0,080596892;;4,4049926
661;6,404174;0,095738317;;4,430214
662;6,409836;0,002230475;;4,660295
663;6,4036593;-0,143779042;;4,7853727
664;6,211668;0,105475217;;4,752945
665;6,5441785;0,047225483;;4,7339
666;6,268287;-0,193921725;;4,4827156
667;6,2899055;0,1690864;;4,358668
668;6,5045447;0,036759725;;4,2778563
669;6,4052033;0,064554875;;4,523379
670;6,7495527;0,61796705;;4,9078765
671;7,475311;0,499623567;;4,6237497
672;7,6498017;0,022176058;;4,323152
673;7,6117125;-0,103201967;;4,296901
674;7,574652;0,286614308;;4,180574
675;8,112537;0,389602292;;3,785267
676;8,217026;-0,052587467;;4,1260133
677;8,075477;-0,123619467;;4,2783713
678;7,9092216;-0,427219358;;4,3149166
679;7,1335354;-1,0991464;;4,278886
680;5,8081255;-1,388377483;;4,0014505
681;4,456465;-1,321034625;;3,6396008
682;3,1531882;-1,411840167;;3,635483
683;1,7464525;-1,017348383;;3,7821789
684;1,0701075;-0,901535983;;3,8748288
685;0;-0,567867292;;3,757987
686;0;-0,126407208;;3,342606
687;0;1,483472417;;2,5998619
688;2,586994;1,712480808;;2,2019818
689;2,894283;-0,174533883;;1,8097633
690;2,6044943;-0,347995183;;1,6054186
691;2,234409;-0,606642917;;1,6316694
692;1,4839442;-0,586482992;;1,1195208
693;1,2095972;0,007506308;;0
694;1,4437958;0,34786645;;0
695;1,8231461;0,418640717;;0
696;2,217938;0,253071817;;0
697;2,3790462;0,285499342;;0
698;2,8541348;0,6437888;;0
699;3,4867284;0,215325417;;0
700;3,35393;0,071717917;;0
701;3,7935028;0,648550175;;0
702;4,447715;0,358632833;;0
703;4,4544063;-0,0993846;;0
704;4,337564;-0,216998242;;0
705;4,10491;-0,080468008;;0
706;4,2557235;0,3920466;;0
707;4,7652984;0,371629383;;0
708;4,916112;0,042507542;;0
709;4,9284654;0,0633965;;0
710;5,050969;0,026851083;;0
711;5,0833964;0,44669325;;0
712;5,833347;0,433139;;0
713;5,8271704;-0,065412717;;0
714;5,803493;-0,11628435;;0
715;5,629517;-0,072232775;;0
716;5,647532;-0,118686533;;1,7068189
717;5,4462757;0,109936533;;1,8272638
718;5,761801;-0,156818592;;2,6039798
719;5,2244306;-0,0324708;;3,2026017
720;5,7545943;0,3778919;;3,559819
721;5,7782717;-0,0851862;;3,8418868
722;5,657827;-0,178866042;;4,616029
723;5,4725266;-0,098269358;;4,9650106
724;5,455026;-0,117056233;;4,963981
725;5,335096;0,360991967;;4,951113
726;5,963057;-0,063353917;;4,639191
727;5,204871;-0,510175583;;4,6783104
728;5,173473;0,0554615;;4,711767
729;5,140531;-0,227764467;;4,8090496
730;4,782799;-0,197224633;;4,6325
731;4,8126526;0,156046567;;4,6206613
732;4,9171414;-0,275118883;;4,4461703
733;4,3427114;-0,263966817;;4,106454
734;4,324696;-0,520941733;;3,8604167
735;3,2406912;-1,121236483;;3,1372318
736;2,3522806;-0,580992667;;1,8427056
737;2,018226;-0,425460825;;1,4077653
738;1,5168864;-0,211636717;;1,3701905
739;1,6630675;0,308104058;;2,329118
740;2,0506532;0,529391817;;3,442977
741;2,5911117;0,243806942;;4,7200027
742;2,5885382;0,181096433;;6,3233624
743;3,0404642;0,486154975;;7,054268
744;3,472316;0,379564692;;7,0789747
745;3,8274744;0,435112017;;6,898822
746;4,3298435;0,467668233;;6,423733
747;4,67934;0,126964742;;6,390791
748;4,675222;0,199712042;;5,6470175
749;5,0669255;0,224118392;;4,135278
750;5,033983;-0,110708083;;2,6214802
751;4,8600073;-0,453941842;;1,6630675
752;4,3483734;0,111866192;;1,2255536
753;5,0293508;0,4863267;;1,0464302
754;5,0463367;-0,31989985;;1,2790847
755;4,6077933;-0,175563225;;1,245113
756;4,8147116;0,427734075;;1,0767989
757;5,2831087;0,276791825;;1,5415931
758;5,316051;-0,01647085;;1,6501994
759;5,2970066;-0,071031608;;1,7377023
760;5,123545;-0,41902695;;1,9435911
761;4,59544;-0,183155158;;1,821602
762;4,7318416;-0,030154217;;1,8262345
763;4,3612413;-0,62388625;;1,8123369
764;3,611806;-0,581764767;;1,8457938
765;3,1217902;-0,983162458;;1,5863739
766;1,79741;-0,806827008;;1,5786531
767;1,6440228;-0,098655058;;1,1993028
768;1,4715909;0,034572192;;1,2332745
769;1,6990981;0,19194845;;1,2142297
770;1,8231461;0,245694025;;1,4911503
771;2,153083;0,194908058;;1,2168033
772;2,1551418;-0,128294442;;0
773;2,016167;0,083170633;;0
774;2,2673514;0,049970883;;0
775;2,0527122;-0,253972508;;0
776;1,8478528;-0,194865258;;0
777;1,7078483;-0,038818667;;0
778;1,8468233;0,4729868;;0
779;2,5103002;0,397880317;;3,2973106
780;2,5916264;0,117571092;;4,2516055
781;2,8917093;0,496878475;;4,798755
782;3,487243;0,51746745;;5,303183
783;3,7126913;-0,308962033;;5,405613
784;2,949873;-0,77847435;;5,5260577
785;2,3002937;-0,637354792;;5,8575387
786;1,5297544;-1,287706383;;6,2142415
787;0;-0,828145125;;6,2425513
788;0;0,127479533;;6,404174
789;0;0;;6,409836
790;0;0;;6,4036593
791;0;0;;6,211668
792;0;-0,326333883;;6,5441785
793;0;2,206742783;;6,268287
794;3,9160066;2,788035975;;6,2899055
795;4,8471394;0,460333217;;6,5045447
796;5,3206835;0,356144683;;6,4052033
797;5,7134166;0,614707058;;6,7495527
798;6,572488;0,961415442;;7,475311
799;7,4850907;0,736438967;;7,6498017
800;7,957091;0,1823402;;7,6117125
801;7,952973;0,057477308;;7,574652
802;8,127464;0,10843475;;8,112537
803;8,158347;0,066570417;;8,217026
804;8,298866;0,199068833;;8,075477
805;8,525344;0,218543;;7,9092216
806;8,674614;-0,0095225;;7,1335354
807;8,541815;-0,100070583;;5,8081255
808;8,544904;0,097711583;;4,456465
809;8,688511;0,082827083;;3,1531882
810;8,675643;-0,066442125;;1,7464525
811;8,593802;-0,04087725;;1,0701075
812;8,5845375;-0,063525583;;0
813;8,450194;-0,152358417;;0
814;8,289086;-0,208976792;;0
815;8,058491;-0,127221808;;2,586994
816;7,958635;-0,3273632;;2,894283
817;7,3332477;-0,835737167;;2,6044943
818;6,415498;-0,81437655;;2,234409
819;5,742241;-0,665149942;;1,4839442
820;5,0031;-0,846503333;;1,2095972
821;4,015863;-1,160141117;;1,4437958
822;2,762514;-1,206466142;;1,8231461
823;1,7392464;-0,661846817;;2,217938
824;1,2677609;-0,9292881;;2,3790462
825;0;-0,700236733;;2,8541348
826;0;-0,096639092;;3,4867284
827;0;1,33450315;;3,35393
828;2,42743;1,970013508;;3,7935028
829;3,4054022;0,42104275;;4,447715
830;3,6030555;0,452011825;;4,4544063
831;4,352491;0,516781242;;4,337564
832;4,5799985;0,261050158;;4,10491
833;5,0195713;0,727002083;;4,2557235
834;5,807096;0,225533758;;4,7652984
835;5,445246;-0,375618525;;4,916112
836;5,278991;-0,079052492;;4,9284654
837;5,3021536;0,218327883;;5,050969
838;5,6109867;0,167027433;;5,0833964
839;5,481277;-0,552082608;;5,833347
840;4,707649;-0,416152992;;5,8271704
841;4,7004433;-0,081111383;;5,803493
842;4,358153;-0,604283867;;5,629517
843;3,6586456;-0,379092942;;5,647532
844;3,6246738;-0,120659508;;5,4462757
845;3,381725;-0,0847575;;5,761801
846;3,5907023;0,552768933;;5,2244306
847;4,4039636;0,854224458;;5,7545943
848;5,1693554;0,702595592;;5,7782717
849;5,7602563;0,3660104;;5,657827
850;6,0098968;0,5079453;;5,4725266
851;6,73617;0,461705758;;5,455026
852;6,8813214;0,208204817;;5,335096
853;7,191184;0,173719067;;5,963057
854;7,151551;-0,208934267;;5,204871
855;6,813378;-0,402126933;;5,173473
856;6,3660846;-0,510776;;5,140531
857;5,732976;-0,880475508;;4,782799
858;4,637647;-1,120207067;;4,8126526
859;3,5515833;-1,161599217;;4,9171414
860;2,3574278;-1,02764295;;4,3427114
861;1,430413;-1,275653258;;4,324696
862;0;-0,75715635;;3,2406912
863;0;0,119201083;;2,3522806
864;0;0;;2,018226
865;0;0;;1,5168864
866;0;0;;1,6630675
867;0;0;;2,0506532
868;0;0;;2,5911117
869;0;0;;2,5885382
870;0;-0,113410467;;3,0404642
871;0;0,780276017;;3,472316
872;1,3609256;0,882019492;;3,8274744
873;1,5240926;-0,04774055;;4,3298435
874;1,6085069;0,5345819;;4,67934
875;2,553537;0,9356792;;4,675222
876;3,181498;0,100842742;;5,0669255
877;2,879871;-0,1822546;;5,033983
878;3,009066;0,227035325;;4,8600073
879;3,3611362;0,700108192;;4,3483734
880;4,3071957;0,83316365;;5,0293508
881;4,8636103;0,320328717;;5,0463367
882;5,030895;0,222145442;;4,6077933
883;5,306786;0,068586858;;4,8147116
884;5,186856;-0,017672117;;5,2831087
885;5,288256;-0,011238317;;5,316051
886;5,0947204;-0,351083417;;5,2970066
887;4,704561;-0,187659183;;5,123545
888;4,730297;-0,034443525;;4,59544
889;4,624779;0,062538717;;4,7318416
890;4,8697867;0,232354333;;4,3612413
891;5,070014;0,3733884;;3,611806
892;5,503925;0,098354858;;3,1217902
893;5,2172246;-0,410491242;;1,79741
894;4,8672132;-0,130825292;;1,6440228
895;4,9022145;-0,153472758;;1,4715909
896;4,5537477;-0,19743905;;1,6990981
897;4,5511737;-0,004032042;;1,8231461
898;4,4281554;-0,331523842;;2,153083
899;3,9458606;-0,400754158;;2,1551418
900;3,689529;-0,251656367;;2,016167
901;3,4512124;-0,094580233;;2,2673514
902;3,4908462;0,045381517;;2,0527122
903;3,491361;-0,019816783;;1,8478528
904;3,4661396;-0,002530708;;1,7078483
905;3,491361;0,017714917;;1,8468233
906;3,5212147;0,146181033;;2,5103002
907;3,7193828;-0,033628525;;2,5916264
908;3,5361416;0,109464192;;2,8917093
909;4,0143185;0,583909333;;3,487243
910;4,56713;0,530378383;;3,7126913
911;4,960378;0,083170742;;2,949873
912;4,740077;-0,347222975;;2,3002937
913;4,3998456;-0,253500833;;1,5297544
914;4,2495465;-0,1121238;;0
915;4,078144;-0,405686725;;0
916;3,5119498;-0,375361133;;0
917;3,3673127;-0,172088875;;0
918;3,0672297;-0,423444767;;2,03
919;2,5854497;-0,370685817;;3,27
920;2,338383;-0,369870783;;3,99
921;1,9847689;0,137816858;;3,9399998
922;2,7002327;1,061914817;;4,97
923;3,826445;0,876100233;;6,3399997
924;4,328814;0,288587667;;7,52
925;4,5002165;0,092349608;;8,73
926;4,6273527;0,324661058;;9,87
927;5,1065593;0,374846592;;9,889999
928;5,2836237;0,028438208;;10,26
929;5,2522254;0,084457225;;10,929999
930;5,451423;0,112338458;;11,509999
931;5,435467;0,020202867;;11,94
932;5,401495;-0,43764275;;11,849999
933;4,610367;-0,72520075;;11,62
934;4,102336;-0,42619015;;11,12
935;3,744604;-0,231710683;;10,3
936;3,5896728;-0,224504658;;8,71
937;3,2895896;-0,18898885;;7,2799997
938;3,1562767;-0,410876925;;5,66
939;2,5453014;-0,272288075;;4,5499997
940;2,5658903;-0,380465492;;4,0099998
941;1,8339553;-0,382352883;;4,5499997
942;2,0310938;0,621355392;;4,88
943;2,855164;0,629376592;;5,44
944;3,2792952;0,721769458;;5,96
945;4,2670474;0,753767817;;6,56
946;4,6649275;0,281767567;;7,0699997
947;4,8950086;0,1170565;;7,64
948;4,921774;-0,008836233;;8,36
949;4,9171414;0,0359876;;9,07
950;4,9480247;-0,129452683;;9,849999
951;4,673163;-0,250112017;;10,29
952;4,523379;-0,010337308;;10,679999
953;4,52132;-0,334998417;;11,34
954;3,8573284;-0,6550269;;12,259999
955;3,3647392;-0,35357125;;12,599999
956;3,1310554;-0,145966542;;12
957;2,953991;-0,405858608;;11,179999
958;2,3229413;-0,674843842;;10,49
959;1,7701297;-0,2874723;;9,79
960;1,7582911;0,067385758;;9,03
961;1,886457;0,374546242;;8,37
962;2,4449306;0,501124908;;7,77
963;2,7686908;0,142492317;;7,31
964;2,8026626;0,066570717;;6,7599998
965;3,0384052;0,543203425;;4,38
966;3,8037972;0,659616667;;2,01
967;4,2593265;0,412506917;;1,0799999
968;4,654633;0,321915975;;0,32
969;4,8950086;0,1370018;;0,39999998
970;5,0262623;0,382695883;;1
971;5,5883393;0,339459433;;1,88
972;5,608928;-0,067857717;;1,92
973;5,482821;-0,371629475;;1,73
974;4,9964085;-0,183026558;;1,75
975;5,147737;0,127050842;;1,4499999
976;5,1245747;-0,116927825;;1,7099999
977;4,9835405;-0,03328545;;1,54
978;5,0859704;0,140991008;;1,06
979;5,238328;0,218027758;;0,38
980;5,4709826;0,163981783;;0,22999999
981;5,447305;-0,409547375;;0,29999998
982;4,790005;-0,41199215;;1,04
983;4,7050757;-0,116412958;;1,5799999
984;4,477054;-0,1801098;;1,79
985;4,3406525;-0,221931108;;3,21
986;4,035937;-0,283054367;;4,62
987;3,839313;-0,135157442;;4,44
988;3,8629904;0,43953;;5,14
989;4,578969;0,430393483;;6,43
990;4,678825;0,32122945;;7,48
991;5,201268;0,174276442;;8,92
992;4,986629;-0,212708867;;9,53
993;4,9500837;0,109121083;;9,46
994;5,221857;0,4858547;;9,75
995;5,773639;0,289188275;;10,33
996;5,744815;-0,111694758;;11,05
997;5,6634884;-0,062109908;;11,58
998;5,6809893;0,179852542;;11,15
999;6,0083523;0,419584383;;11,259999
1000;6,3454957;-0,042678867;;11,45
1001;5,944527;-0,407316992;;11,55
1002;5,6825333;-0,217941942;;10,86
1003;5,592457;0,28957405;;8,55
1004;6,144239;0,347523333;;5,8799996
1005;6,163284;-0,093336275;;5,0899997
1006;6,0788693;0,015355775;;4,12
1007;6,1895347;0,084285875;;3,3799999
1008;6,1699753;-0,219829217;;2,36
1009;5,8807015;0,076136058;;1,52
1010;6,2461543;0,049799383;;1,5699999
1011;5,885334;-0,345507442;;2,45
1012;5,6094427;-0,469683925;;3,83
1013;4,933098;-0,723785317;;4,22
1014;4,2644734;-0,612047733;;4,27
1015;3,8110034;-0,143392833;;5,6299996
1016;3,9772587;0,346879975;;6,69
1017;4,3560944;0,299053583;;7,64
1018;4,4626417;-0,1600359;;7,54
1019;4,1054244;-0,309776958;;7,6
1020;3,8923295;-0,306216783;;7,6
1021;3,5109203;-0,26186495;;7,66
1022;3,3812103;-0,154330942;;7,52
1023;3,1588502;-0,224075758;;5,8199997
1024;2,92774;-0,283311608;;4,0099998
1025;2,572067;-0,468139792;;1,5699999
1026;2,086684;-0,331609842;;1,62
1027;2,0480797;0,313894692;;2,95
1028;2,7151597;1,012244092;;4,83
1029;3,8331363;0,76775125;;4,8599997
1030;4,2202077;0,455614883;;6,0499997
1031;4,8754487;0,742100675;;7,0099998
1032;5,5862803;0,507902008;;6,72
1033;5,856509;0,149054883;;6,2
1034;5,973866;0,192291825;;5,37
1035;6,1874757;-0,034100083;;3,5
1036;5,926512;-0,155231633;;3,31
1037;5,886878;-0,229265825;;4,1
1038;5,431864;-0,526732383;;4,37
1039;4,9814816;-0,1613657;;3,1799998
1040;5,0041294;-0,24089;;2,32
1041;4,4013896;-0,741757633;;1,78
1042;3,681808;-0,556500392;;1,5999999
1043;3,304002;-0,349239025;;1,39
1044;2,9030333;-0,483838917;;1,37
1045;2,3620603;-0,521670933;;1,9399999
1046;1,9523414;-0,151199708;;2,69
1047;1,958518;-0,238745325;;2,76
1048;1,4890914;-0,246037158;;2,04
1049;1,5210042;-0,011109467;;1,1899999
1050;1,4046769;-0,083084733;;1,37
1051;1,4165156;0,161279633;;1,31
1052;1,6501994;0,085829892;;3,9599998
1053;1,5498286;-0,174576608;;5,0099998
1054;1,4412222;0,153987792;;5,2999997
1055;1,8396173;0,375618517;;5,33
1056;2,1206555;0,295321842;;5,74
1057;2,4778728;0,440259083;;7,1
1058;3,0034041;0,599179492;;8,74
1059;3,6184971;0,559803083;;9,23
1060;4,055496;0,27288875;;9,599999
1061;4,176971;0,057606292;;9,25
1062;4,1965303;-0,04165;;8,389999
1063;4,055496;-0,356959933;;8,12
1064;3,583496;-0,263365958;;6,08
1065;3,5562158;-0,067257033;;4,3399997
1066;3,3626802;-0,254916283;;3,53
1067;3,096054;-0,16445365;;4,3199997
1068;2,961197;-0,385398275;;5,94
1069;2,317794;-0,661332283;;7,2
1070;1,7613795;-0,462048858;;7,85
1071;1,4335014;-0,154974333;;8,49
1072;1,4314425;0,04203565;;8,73
1073;1,53799;0,3293793;;8,57
1074;2,0928605;0,687625942;;8,19
1075;2,7722938;0,494948308;;7,7799997
1076;3,0543616;0,225834392;;7,48
1077;3,2906191;0,215797267;;6,91
1078;3,5294502;0,343663;;6,5099998
1079;3,9834354;0,530421233;;5,89
1080;4,472936;0,288244267;;5,91
1081;4,4734507;-0,264996058;;6,0699997
1082;3,9906414;-0,630234433;;5,5
1083;3,3050313;-0,640357467;;5,14
1084;2,688394;-0,710960017;;5,14
1085;1,7397611;-1,516843392;;5,19
1086;0;-0,9358079;;4,92
1087;0;0,144980092;;4,7
1088;0;0;;4,81
1089;0;0;;4,92
1090;0;-0,271515967;;5,2
1091;0;1,8210014;;4,87
1092;3,2581916;2,372826458;;5,13
1093;4,213516;0,906125767;;4,98
1094;5,2342105;0,267269633;;4,66
1095;4,934642;0,136015083;;3,55
1096;5,819964;1,250774958;;2,06
1097;7,267363;1,689790167;;1,63
1098;8,886679;1,041068583;;1,74
1099;9,19088;-0,245221917;;2,96
1100;8,715277;-0,25165625;;3,25
1101;8,83881;0,25105525;;3,27
1102;9,089994;0,18478525;;4,13
1103;9,175953;0,056834333;;4,21
1104;9,194998;-0,091491667;;3,99
1105;8,99683;-0,269500333;;4,12
1106;8,75491;-0,007720833;;3,52
1107;8,889253;-0,151285417;;2,9099998
1108;8,427032;-0,411520333;;2,76
1109;8,189231;-0,1587055;;3
1110;8,092978;0,003602583;;4,58
1111;8,121287;-0,1152122;;5,99
1112;7,840249;-0,297209125;;7,56
1113;7,5499454;-0,3642517;;8,49
1114;7,0887547;-0,5468921;;8,7699995
1115;6,480353;-0,67269925;;9,04
1116;5,846215;-0,363608367;;9,03
1117;5,6820188;-0,333110967;;7,83
1118;5,0653815;-0,748749425;;6,3199997
1119;4,2310166;-0,933620425;;5,27
1120;3,2231905;-1,067748258;;3,3
1121;2,1479359;-1,135005358;;1,92
1122;1,213715;-0,137044875;;1,9399999
1123;1,7752769;0,398437933;;2,59
1124;1,886457;0,471099575;;4,7
1125;2,7486167;0,819566342;;4,75
1126;3,3472385;0,394320117;;6,3799996
1127;3,6267328;0,403413608;;7,7
1128;4,1795444;0,490658775;;8,179999
1129;4,5661006;0,383725483;;8,349999
1130;4,9742756;0,431852033;;8,09
1131;5,3798766;0,2672696;;5,54
1132;5,507528;0,099041267;;5,14
1133;5,6248846;0,1450659;;4,97
1134;5,7458444;-0,058635683;;2,6
1135;5,545617;-0,076564975;;1,49
1136;5,5770154;-0,1565184;;1,63
1137;5,1930323;-0,4322382;;1,48
1138;4,8033876;-0,3091335;;1,99
1139;4,543453;-0,311278008;;2,25
1140;4,089983;-0,68479505;;2,49
1141;3,2211316;-0,888410675;;3,51
1142;2,442357;-0,615436108;;4,0699997
1143;2,0233731;-0,280866817;;4,06
1144;1,8931483;0,070087933;;4,47
1145;2,1978638;0,64194435;;6,06
1146;2,9972274;0,517338842;;6,8199997
1147;3,1526737;0,061380683;;6,68
1148;3,3235614;0,477662217;;6,3599997
1149;4,0719676;0,720696958;;3,8
1150;4,619632;0,389944717;;2,8
1151;4,872875;0,175091383;;1,28
1152;5,051484;0,287086558;;0,52
1153;5,425687;0,301627033;;0,84999996
1154;5,5970893;0,0835565;;0,71
1155;5,618193;-0,01767195;;0
1156;5,588854;0,012439108;;0
1157;5,571868;-0,263323417;;0
1158;5,07722;-0,476975642;;0
1159;4,685002;-0,426661967;;3,9160066
1160;4,2176337;-0,4623065;;4,8471394
1161;3,8151212;-0,239688883;;5,3206835
1162;3,6658516;-0,316811517;;5,7134166
1163;3,1470118;-0,503441158;;6,572488
1164;2,6744967;-0,667852133;;7,4850907
1165;1,9255759;-0,376776675;;7,957091
1166;1,90859;-0,2035727;;7,952973
1167;1,5410783;0,046367867;;8,127464
1168;2,0413883;0,488600183;;8,158347
1169;2,4315479;0,60411225;;8,298866
1170;3,1691446;0,467582192;;8,525344
1171;3,3137817;0,111952108;;8,674614
1172;3,4882724;0,096510417;;8,541815
1173;3,641145;0,5916301;;8,544904
1174;4,629926;0,958627317;;8,688511
1175;5,3474493;0,515365967;;8,675643
1176;5,635179;0,036587983;;8,593802
1177;5,4987774;-0,145494892;;8,5845375
1178;5,401495;-0,147767992;;8,450194
1179;5,223916;-0,09655325;;8,289086
1180;5,2095037;-0,059707967;;8,058491
1181;5,121486;0,025092683;;7,958635
1182;5,2985506;0,315910917;;7,3332477
1183;5,635179;0,109378442;;6,415498
1184;5,5281167;-0,020803333;;5,742241
1185;5,6454735;0,060951808;;5,0031
1186;5,6305466;0,027880767;;4,015863
1187;5,7231965;0,089775892;;2,762514
1188;5,8153315;0,181825633;;1,7392464
1189;6,046442;0,151628458;;1,2677609
1190;6,034603;-0,258433292;;0
1191;5,657827;-0,102043333;;0
1192;5,807611;-0,074935292;;0
1193;5,455026;-0,29141875;;2,42743
1194;5,3114185;-0,131125167;;3,4054022
1195;5,185312;-0,031741217;;3,6030555
1196;5,223401;-0,022862433;;4,352491
1197;5,1317806;-0,0558045;;4,5799985
1198;5,1575165;0,123962433;;5,0195713
1199;5,32789;0,10208655;;5,807096
1200;5,304727;-0,138589208;;5,445246
1201;5,084426;-0,188517;;5,278991
1202;4,872875;-0,442275233;;5,3021536
1203;4,135278;-0,975956067;;5,6109867
1204;3,0188458;-1,128571217;;5,481277
1205;1,9636652;-0,972739233;;4,707649
1206;1,0428272;-1,05753965;;4,7004433
1207;0;-0,531579367;;4,358153
1208;0;0,086902267;;3,6586456
1209;0;0;;3,6246738
1210;0;-0,1641106;;3,381725
1211;0;1,11137105;;3,5907023
1212;1,9693272;1,3984145;;4,4039636
1213;2,418165;0,198511142;;5,1693554
1214;2,564346;-0,090633975;;5,7602563
1215;2,3780167;0,046410792;;6,0098968
1216;2,7357485;0,4601187;;6,73617
1217;3,2324555;0,559503175;;6,8813214
1218;3,878432;0,800993558;;7,191184
1219;4,8054466;1,010142242;;7,151551
1220;5,7077546;0,4680112;;6,813378
1221;5,7453294;-0,031698242;;6,3660846
1222;5,78136;0,014755442;;5,732976
1223;5,7746687;0,0037318;;4,637647
1224;5,7654037;-0,086859508;;3,5515833
1225;5,5728974;-0,301326967;;2,3574278
1226;5,2095037;-0,310334508;;1,430413
1227;4,9433923;-0,362106925;;0
1228;4,453377;-0,560789942;;0
1229;3,8691669;-0,577861633;;0
1230;3,3451798;-0,475774942;;0
1231;3,0121543;-0,022476292;;0
1232;3,3065755;0,416925067;;0
1233;3,830048;0,87678645;;0
1234;4,8852286;0,68633905;;0
1235;5,1199417;0,224032908;;0
1236;5,3896565;0,061681167;;0
1237;5,1770763;-0,457330758;;1,3609256
1238;4,6021314;-0,481308475;;1,5240926
1239;4,30771;-0,140519142;;1,6085069
1240;4,2104278;-0,265639383;;2,553537
1241;3,7296772;-0,616594408;;3,181498
1242;3,1655416;-0,203358183;;2,879871
1243;3,3477533;0,314752733;;3,009066
1244;3,5953348;0,032684875;;3,3611362
1245;3,39099;-0,259248458;;4,3071957
1246;3,1192167;-0,389172892;;4,8636103
1247;2,64979;-0,404142717;;5,030895
1248;2,3358095;-0,332253192;;5,306786
1249;1,973445;-0,321615633;;5,186856
1250;1,695495;-0,347008608;;5,288256
1251;1,3866616;0,02504985;;5,0947204
1252;1,8056456;0,709973508;;4,704561
1253;2,5540516;0,430222042;;4,730297
1254;2,5149329;-0,437814133;;4,624779
1255;1,8982955;-0,405000675;;4,8697867
1256;1,8133664;-0,049370433;;5,070014
1257;1,8015277;0,221587808;;5,503925
1258;2,3332357;0,878759617;;5,2172246
1259;3,3981962;0,963517267;;4,8672132
1260;4,041599;0,136444192;;4,9022145
1261;3,9062269;0,355544267;;4,5537477
1262;4,760151;0,548221817;;4,5511737
1263;4,880081;0,185686325;;4,4281554
1264;5,25377;0,42550375;;3,9458606
1265;5,626943;0,173546833;;3,689529
1266;5,629002;0,06760025;;3,4512124
1267;5,799375;0,127350958;;3,4908462
1268;5,822023;-0,088489308;;3,491361
1269;5,6428995;-0,2408042;;3,4661396
1270;5,4390697;0,003817542;;3,491361
1271;5,625399;0,131854783;;3,5212147
1272;5,6362085;0,00780675;;3,7193828
1273;5,6377525;-0,08089745;;3,5361416
1274;5,4442167;-0,308490267;;4,0143185
1275;5,060234;-0,378535292;;4,56713
1276;4,7179437;-0,34645065;;4,960378
1277;4,369992;-0,303514325;;4,740077
1278;4,0796885;-0,42284445;;4,3998456
1279;3,5963643;-0,30943395;;4,2495465
1280;3,6030555;0,405901192;;4,078144
1281;4,2701354;0,544790583;;3,5119498
1282;4,599043;0,356402392;;3,3673127
1283;5,0267773;0,44819445;;3,0672297
1284;5,379362;-0,006133925;;2,5854497
1285;5,134354;0,039847933;;2,338383
1286;5,5332637;0,3966793;;1,9847689
1287;5,7798157;0,113153117;;2,7002327
1288;5,782904;-0,038175242;;3,826445
1289;5,773639;0,092778558;;4,328814
1290;5,941953;0,098269142;;4,5002165
1291;5,938865;-0,015527217;;4,6273527
1292;5,9254823;-0,065927183;;5,1065593
1293;5,8282;-0,061766692;;5,2836237
1294;5,8477592;0,1261925;;5,2522254
1295;6,0582805;0,224118767;;5,451423
1296;6,2518163;0,167842333;;5,435467
1297;6,3712316;0,031826875;;5,401495
1298;6,33726;0,0048898;;4,610367
1299;6,3599076;-0,134728533;;4,102336
1300;6,1025467;-0,117227783;;3,744604
1301;6,1102676;-0,165526267;;3,5896728
1302;5,7468734;-0,348895942;;3,2895896
1303;5,5008364;-0,183970117;;3,1562767
1304;5,4138484;0,121860517;;2,5453014
1305;5,653709;0,0642546;;2,5658903
1306;5,507528;-0,087803133;;1,8339553
1307;5,479218;-0,217341667;;2,0310938
1308;5,071558;-0,387456833;;2,855164
1309;4,774049;-0,251012858;;3,2792952
1310;4,515658;-0,368970433;;4,2670474
1311;4,0441723;-0,468268558;;4,6649275
1312;3,6601896;-0,235999975;;4,8950086
1313;3,5495245;-0,1112657;;4,921774
1314;3,3904753;-0,144894417;;4,9171414
1315;3,2216463;-0,299482525;;4,9480247
1316;2,775897;-0,551181617;;4,673163
1317;2,2266884;-0,437042033;;4,523379
1318;2,0449915;0,188345417;;4,52132
1319;2,6189067;0,881504683;;3,8573284
1320;3,6534984;1,025755508;;3,3647392
1321;4,5166874;0,582193792;;3,1310554
1322;4,918171;0,622427975;;2,953991
1323;5,749962;0,629247642;;2,3229413
1324;6,0505595;0,079481717;;1,7701297
1325;6,0248237;0,0424648;;1,7582911
1326;6,163284;0,084886258;;1,886457
1327;6,1421804;-0,120788083;;2,4449306
1328;5,970778;-0,110193383;;2,7686908
1329;5,9342327;-0,052373167;;2,8026626
1330;5,822023;-0,194736658;;3,0384052
1331;5,5806184;-0,200098108;;3,8037972
1332;5,4787035;0,0418641;;4,2593265
1333;5,588854;-0,039076117;;4,654633
1334;5,3855386;-0,175520275;;4,8950086
1335;5,3042126;-0,0309262;;5,0262623
1336;5,3078156;0,027194583;;5,5883393
1337;5,3381844;0,000600442;;5,608928
1338;5,330978;0,097711367;;5,482821
1339;5,4823065;0,013597242;;4,9964085
1340;5,288256;-0,373817183;;5,147737
1341;4,8332415;-0,379007217;;5,1245747
1342;4,6242642;-0,045509867;;4,9835405
1343;4,7184587;0,176935933;;5,0859704
1344;4,916112;0,168914708;;5,238328
1345;5,0447927;0,172732358;;5,4709826
1346;5,2079597;0,003559867;;5,447305
1347;4,980452;-0,45377055;;4,790005
1348;4,358668;-0,721168458;;4,7050757
1349;3,6957057;-0,4215577;;4,477054
1350;3,5840108;0,083299208;;4,3406525
1351;3,8418868;0,518797283;;4,035937
1352;4,5285263;0,699893317;;3,839313
1353;5,0262623;0,0315695;;3,8629904
1354;4,660295;-0,3033427;;4,578969
1355;4,5172024;-0,275033225;;4,678825
1356;4,0961595;-0,344906858;;5,201268
1357;3,813577;-0,436827658;;4,986629
1358;3,1701741;-0,731291642;;4,9500837
1359;2,3512511;-1,141825375;;5,221857
1360;1,173052;-0,277649758;;5,773639
1361;1,5385047;-0,586097075;;5,744815
1362;;;;5,6634884
1363;;;;5,6809893
1364;;;;6,0083523
1365;;;;6,3454957
1366;;;;5,944527
1367;;;;5,6825333
1368;;;;5,592457
1369;;;;6,144239
1370;;;;6,163284
1371;;;;6,0788693
1372;;;;6,1895347
1373;;;;6,1699753
1374;;;;5,8807015
1375;;;;6,2461543
1376;;;;5,885334
1377;;;;5,6094427
1378;;;;4,933098
1379;;;;4,2644734
1380;;;;3,8110034
1381;;;;3,9772587
1382;;;;4,3560944
1383;;;;4,4626417
1384;;;;4,1054244
1385;;;;3,8923295
1386;;;;3,5109203
1387;;;;3,3812103
1388;;;;3,1588502
1389;;;;2,92774
1390;;;;2,572067
1391;;;;2,086684
1392;;;;2,0480797
1393;;;;2,7151597
1394;;;;3,8331363
1395;;;;4,2202077
1396;;;;4,8754487
1397;;;;5,5862803
1398;;;;5,856509
1399;;;;5,973866
1400;;;;6,1874757
1401;;;;5,926512
1402;;;;5,886878
1403;;;;5,431864
1404;;;;4,9814816
1405;;;;5,0041294
1406;;;;4,4013896
1407;;;;3,681808
1408;;;;3,304002
1409;;;;2,9030333
1410;;;;2,3620603
1411;;;;1,9523414
1412;;;;1,958518
1413;;;;1,4890914
1414;;;;1,5210042
1415;;;;1,4046769
1416;;;;1,4165156
1417;;;;1,6501994
1418;;;;1,5498286
1419;;;;1,4412222
1420;;;;1,8396173
1421;;;;2,1206555
1422;;;;2,4778728
1423;;;;3,0034041
1424;;;;3,6184971
1425;;;;4,055496
1426;;;;4,176971
1427;;;;4,1965303
1428;;;;4,055496
1429;;;;3,583496
1430;;;;3,5562158
1431;;;;3,3626802
1432;;;;3,096054
1433;;;;2,961197
1434;;;;2,317794
1435;;;;1,7613795
1436;;;;1,4335014
1437;;;;1,4314425
1438;;;;1,53799
1439;;;;2,0928605
1440;;;;2,7722938
1441;;;;3,0543616
1442;;;;3,2906191
1443;;;;3,5294502
1444;;;;3,9834354
1445;;;;4,472936
1446;;;;4,4734507
1447;;;;3,9906414
1448;;;;3,3050313
1449;;;;2,688394
1450;;;;1,7397611
1451;;;;0
1452;;;;0
1453;;;;0
1454;;;;0
1455;;;;0
1456;;;;0
1457;;;;3,2581916
1458;;;;4,213516
1459;;;;5,2342105
1460;;;;4,934642
1461;;;;5,819964
1462;;;;7,267363
1463;;;;8,886679
1464;;;;9,19088
1465;;;;8,715277
1466;;;;8,83881
1467;;;;9,089994
1468;;;;9,175953
1469;;;;9,194998
1470;;;;8,99683
1471;;;;8,75491
1472;;;;8,889253
1473;;;;8,427032
1474;;;;8,189231
1475;;;;8,092978
1476;;;;8,121287
1477;;;;7,840249
1478;;;;7,5499454
1479;;;;7,0887547
1480;;;;6,480353
1481;;;;5,846215
1482;;;;5,6820188
1483;;;;5,0653815
1484;;;;4,2310166
1485;;;;3,2231905
1486;;;;2,1479359
1487;;;;1,213715
1488;;;;1,7752769
1489;;;;1,886457
1490;;;;2,7486167
1491;;;;3,3472385
1492;;;;3,6267328
1493;;;;4,1795444
1494;;;;4,5661006
1495;;;;4,9742756
1496;;;;5,3798766
1497;;;;5,507528
1498;;;;5,6248846
1499;;;;5,7458444
1500;;;;5,545617
1501;;;;5,5770154
1502;;;;5,1930323
1503;;;;4,8033876
1504;;;;4,543453
1505;;;;4,089983
1506;;;;3,2211316
1507;;;;2,442357
1508;;;;2,0233731
1509;;;;1,8931483
1510;;;;2,1978638
1511;;;;2,9972274
1512;;;;3,1526737
1513;;;;3,3235614
1514;;;;4,0719676
1515;;;;4,619632
1516;;;;4,872875
1517;;;;5,051484
1518;;;;5,425687
1519;;;;5,5970893
1520;;;;5,618193
1521;;;;5,588854
1522;;;;5,571868
1523;;;;5,07722
1524;;;;4,685002
1525;;;;4,2176337
1526;;;;3,8151212
1527;;;;3,6658516
1528;;;;3,1470118
1529;;;;2,6744967
1530;;;;1,9255759
1531;;;;1,90859
1532;;;;1,5410783
1533;;;;2,0413883
1534;;;;2,4315479
1535;;;;3,1691446
1536;;;;3,3137817
1537;;;;3,4882724
1538;;;;3,641145
1539;;;;4,629926
1540;;;;5,3474493
1541;;;;5,635179
1542;;;;5,4987774
1543;;;;5,401495
1544;;;;5,223916
1545;;;;5,2095037
1546;;;;5,121486
1547;;;;5,2985506
1548;;;;5,635179
1549;;;;5,5281167
1550;;;;5,6454735
1551;;;;5,6305466
1552;;;;5,7231965
1553;;;;5,8153315
1554;;;;6,046442
1555;;;;6,034603
1556;;;;5,657827
1557;;;;5,807611
1558;;;;5,455026
1559;;;;5,3114185
1560;;;;5,185312
1561;;;;5,223401
1562;;;;5,1317806
1563;;;;5,1575165
1564;;;;5,32789
1565;;;;5,304727
1566;;;;5,084426
1567;;;;4,872875
1568;;;;4,135278
1569;;;;3,0188458
1570;;;;1,9636652
1571;;;;1,0428272
1572;;;;0
1573;;;;0
1574;;;;0
1575;;;;0
1576;;;;0
1577;;;;1,9693272
1578;;;;2,418165
1579;;;;2,564346
1580;;;;2,3780167
1581;;;;2,7357485
1582;;;;3,2324555
1583;;;;3,878432
1584;;;;4,8054466
1585;;;;5,7077546
1586;;;;5,7453294
1587;;;;5,78136
1588;;;;5,7746687
1589;;;;5,7654037
1590;;;;5,5728974
1591;;;;5,2095037
1592;;;;4,9433923
1593;;;;4,453377
1594;;;;3,8691669
1595;;;;3,3451798
1596;;;;3,0121543
1597;;;;3,3065755
1598;;;;3,830048
1599;;;;4,8852286
1600;;;;5,1199417
1601;;;;5,3896565
1602;;;;5,1770763
1603;;;;4,6021314
1604;;;;4,30771
1605;;;;4,2104278
1606;;;;3,7296772
1607;;;;3,1655416
1608;;;;3,3477533
1609;;;;3,5953348
1610;;;;3,39099
1611;;;;3,1192167
1612;;;;2,64979
1613;;;;2,3358095
1614;;;;1,973445
1615;;;;1,695495
1616;;;;1,3866616
1617;;;;1,8056456
1618;;;;2,5540516
1619;;;;2,5149329
1620;;;;1,8982955
1621;;;;1,8133664
1622;;;;1,8015277
1623;;;;2,3332357
1624;;;;3,3981962
1625;;;;4,041599
1626;;;;3,9062269
1627;;;;4,760151
1628;;;;4,880081
1629;;;;5,25377
1630;;;;5,626943
1631;;;;5,629002
1632;;;;5,799375
1633;;;;5,822023
1634;;;;5,6428995
1635;;;;5,4390697
1636;;;;5,625399
1637;;;;5,6362085
1638;;;;5,6377525
1639;;;;5,4442167
1640;;;;5,060234
1641;;;;4,7179437
1642;;;;4,369992
1643;;;;4,0796885
1644;;;;3,5963643
1645;;;;3,6030555
1646;;;;4,2701354
1647;;;;4,599043
1648;;;;5,0267773
1649;;;;5,379362
1650;;;;5,134354
1651;;;;5,5332637
1652;;;;5,7798157
1653;;;;5,782904
1654;;;;5,773639
1655;;;;5,941953
1656;;;;5,938865
1657;;;;5,9254823
1658;;;;5,8282
1659;;;;5,8477592
1660;;;;6,0582805
1661;;;;6,2518163
1662;;;;6,3712316
1663;;;;6,33726
1664;;;;6,3599076
1665;;;;6,1025467
1666;;;;6,1102676
1667;;;;5,7468734
1668;;;;5,5008364
1669;;;;5,4138484
1670;;;;5,653709
1671;;;;5,507528
1672;;;;5,479218
1673;;;;5,071558
1674;;;;4,774049
1675;;;;4,515658
1676;;;;4,0441723
1677;;;;3,6601896
1678;;;;3,5495245
1679;;;;3,3904753
1680;;;;3,2216463
1681;;;;2,775897
1682;;;;2,2266884
1683;;;;2,0449915
1684;;;;2,6189067
1685;;;;3,6534984
1686;;;;4,5166874
1687;;;;4,918171
1688;;;;5,749962
1689;;;;6,0505595
1690;;;;6,0248237
1691;;;;6,163284
1692;;;;6,1421804
1693;;;;5,970778
1694;;;;5,9342327
1695;;;;5,822023
1696;;;;5,5806184
1697;;;;5,4787035
1698;;;;5,588854
1699;;;;5,3855386
1700;;;;5,3042126
1701;;;;5,3078156
1702;;;;5,3381844
1703;;;;5,330978
1704;;;;5,4823065
1705;;;;5,288256
1706;;;;4,8332415
1707;;;;4,6242642
1708;;;;4,7184587
1709;;;;4,916112
1710;;;;5,0447927
1711;;;;5,2079597
1712;;;;4,980452
1713;;;;4,358668
1714;;;;3,6957057
1715;;;;3,5840108
1716;;;;3,8418868
1717;;;;4,5285263
1718;;;;5,0262623
1719;;;;4,660295
1720;;;;4,5172024
1721;;;;4,0961595
1722;;;;3,813577
1723;;;;3,1701741
1724;;;;2,3512511
1725;;;;1,173052
1726;;;;1,5385047
;;;;
;;;;
;;;;
;;;;
;;;;
;;;;
;;;;
;;;;
;;;;
;;;;
;;;;
;;;;
;;;;
;;;;
;;;;
;;;;
;;;;
;;;;
;;;;
;;;;
;;;;
;;;;
;;;;
;;;;
;;;;
;;;;
;;;;
;;;;
;;;;
;;;;
;;;;
;;;;
;;;;
;;;;
;;;;
;;;;
;;;;
;;;;
;;;;
;;;;
;;;;
;;;;
;;;;
;;;;
;;;;
;;;;
;;;;
;;;;
;;;;
;;;;
;;;;
;;;;
;;;;
;;;;
;;;;
;;;;
;;;;
;;;;
;;;;
;;;;
;;;;
;;;;
;;;;
;;;;
;;;;
;;;;
;;;;
;;;;
;;;;
;;;;
;;;;
;;;;
;;;;
;;;;
;;;;
;;;;
;;;;
;;;;
;;;;
;;;;
;;;;
;;;;
;;;;
;;;;
;;;;
;;;;
;;;;
;;;;
;;;;
;;;;
;;;;
;;;;
;;;;
;;;;
;;;;
;;;;
;;;;
;;;;
;;;;
;;;;
;;;;
;;;;
;;;;
;;;;
;;;;
;;;;
;;;;
;;;;
;;;;
;;;;
;;;;
;;;;
;;;;
;;;;
;;;;
;;;;
;;;;
;;;;
;;;;
;;;;
;;;;
;;;;
;;;;
;;;;
;;;;
;;;;
;;;;
;;;;
;;;;
;;;;
;;;;
;;;;
;;;;
;;;;
;;;;
;;;;
;;;;
;;;;
;;;;
;;;;
;;;;
;;;;
;;;;
;;;;
;;;;
;;;;
;;;;
;;;;
;;;;
;;;;
;;;;
;;;;
;;;;
;;;;
;;;;
;;;;
;;;;
;;;;
;;;;
;;;;
;;;;
;;;;
;;;;
;;;;
;;;;
;;;;
;;;;
;;;;
;;;;
;;;;
;;;;
;;;;
;;;;
;;;;
;;;;
;;;;
;;;;
;;;;
;;;;
;;;;
;;;;
;;;;
;;;;
;;;;
;;;;
;;;;
;;;;
;;;;
;;;;
;;;;
;;;;
;;;;
;;;;
;;;;
;;;;
;;;;
;;;;
;;;;
;;;;
;;;;
;;;;
;;;;
;;;;
;;;;
;;;;
;;;;
;;;;
;;;;
;;;;
;;;;
;;;;
;;;;
;;;;
;;;;
;;;;
;;;;
;;;;
;;;;
;;;;
;;;;
;;;;
;;;;
;;;;
;;;;
;;;;
;;;;
;;;;
;;;;
;;;;
;;;;
;;;;
;;;;
;;;;
;;;;
;;;;
;;;;
;;;;
;;;;
;;;;
;;;;
;;;;
;;;;
;;;;
;;;;
;;;;
;;;;
;;;;
;;;;
;;;;
;;;;
;;;;
;;;;
;;;;
;;;;
;;;;
;;;;
;;;;
;;;;
;;;;
;;;;
;;;;
;;;;
;;;;
;;;;
;;;;
;;;;
;;;;
;;;;
;;;;
;;;;
;;;;
;;;;
;;;;
;;;;
;;;;
;;;;
;;;;
;;;;
;;;;
;;;;
;;;;
;;;;
;;;;
;;;;
;;;;
;;;;
;;;;
;;;;
;;;;
;;;;
;;;;
;MIN;;;
